ID,Sex,Age,Address
478207946,1,84,서울 성동구
479806984,1,84,서울 서초구
94790213,1,84,부산 사상구
656026338,1,84,서울 영등포구
433076833,1,83,경기 고양시
867549189,1,83,서울 동작구
436306211,2,83,경기 안양시
670304024,1,82,서울 송파구
623668388,1,82,서울 송파구
306915014,2,82,서울 양천구
551136973,1,82,경기 성남시
168381266,1,81,경기 남양주시
278285231,1,81,서울 성북구
887556868,2,81,서울 관악구
492244617,2,81,서울 양천구
236066690,1,81,서울 송파구
474763658,1,81,부산 북구
536617656,2,80,경기 성남시
787176413,2,80,부산 수영구
914115041,1,80,경기 고양시
510195294,2,80,서울 노원구
551449804,2,80,경기 구리시
745055983,2,80,서울 영등포구
89988341,1,80,경기 남양주시
47655351,2,79,부산 동래구
642184311,2,79,서울 송파구
685627362,1,79,경기 구리시
887687760,1,79,서울 강남구
485721733,1,79,서울 동대문구
701411064,2,79,서울 동대문구
961035519,2,79,경기 성남시
323958548,2,79,경기 성남시
921118696,1,79,서울 송파구
448187517,2,79,서울 강남구
386842867,2,78,경기 용인시
639506094,2,78,경기 고양시
68651557,1,78,서울 노원구
524543959,2,78,부산 부산진구
588288453,1,78,부산 해운대구
763968202,2,78,경기 안양시
603084379,2,78,서울 송파구
360312442,2,77,서울 양천구
33088068,2,77,경기 고양시
451448988,2,77,서울 노원구
803063364,1,77,부산 사하구
644403176,1,77,경기 안산시
551974337,1,77,서울 서초구
131205778,1,77,서울 송파구
672015868,1,77,부산 수영구
113694152,2,77,경기 양주시
110041339,2,77,서울 강서구
257364199,1,77,경기 안양시
983250333,1,77,부산 수영구
709863345,1,77,경기 안양시
912663751,2,77,서울 강남구
625313183,1,76,경기 남양주시
69346353,2,76,경기 안양시
386048461,2,76,경기 고양시
316163208,1,76,부산 해운대구
828815057,1,76,서울 강남구
885165857,1,76,경기 파주시
712231081,2,76,경기 고양시
946678831,2,76,서울 동작구
242409444,2,75,경기 양평군
307677989,2,75,경기 성남시
794506191,2,75,서울 마포구
396407220,2,75,경기 고양시
767844671,1,75,서울 강남구
297847400,1,75,경기 안양시
489452675,2,75,경기 성남시
761561936,1,75,서울 강남구
730743109,2,75,서울 서초구
594126552,2,75,서울 동대문구
473345496,2,75,경기 파주시
799674249,1,75,경기 용인시
213340432,1,75,경기 성남시
215253732,2,75,서울 강남구
418139257,2,75,경기 안양시
717747513,2,75,경기 고양시
40012235,2,75,경기 고양시
249387503,2,75,부산 수영구
545890179,1,75,서울 노원구
39020017,2,74,경기 하남시
146782206,2,74,경기 성남시
258836039,1,74,서울 강서구
706604073,1,74,부산 해운대구
594366683,1,74,경기 양평군
268994865,2,74,경기 안양시
185410870,1,74,서울 송파구
535754994,2,74,서울 노원구
221241742,1,74,경기 고양시
46361003,2,74,서울 송파구
616138983,1,74,서울 서초구
990784921,2,74,서울 서초구
958646064,2,74,경기 고양시
236694308,2,74,경기 부천시
666864604,2,74,부산 수영구
909936004,2,74,서울 금천구
941898681,2,74,부산 해운대구
556535295,2,74,서울 서초구
32785203,1,73,서울 용산구
481245521,2,73,부산 해운대구
820433253,2,73,서울 은평구
184450165,1,73,서울 영등포구
677721951,2,73,경기 양주시
392027344,2,73,경기 성남시
546841266,2,73,부산 해운대구
990125800,2,73,서울 강서구
42547687,2,73,경기 수원시
961289868,2,73,경기 의왕시
764630821,1,73,경기 남양주시
773692847,1,73,서울 용산구
905395160,2,73,부산 해운대구
188984736,1,73,부산 동래구
969596380,2,73,서울 성북구
978890879,2,73,서울 강남구
776562171,1,73,서울 동대문구
20035388,1,73,서울 동대문구
298003550,1,73,경기 동두천시
960156549,1,73,서울 송파구
437529080,1,73,경기 남양주시
732975651,2,73,경기 광주시
906070531,2,73,부산 북구
127792542,1,73,서울 송파구
69323801,2,73,부산 강서구
775198884,1,73,경기 안양시
263924850,2,73,부산 해운대구
138783977,2,73,부산 수영구
529613276,2,73,경기 김포시
801203525,2,73,경기 양평군
539440803,1,73,부산 해운대구
932592831,1,72,부산 서구
483751880,2,72,서울 강동구
534461388,1,72,부산 사상구
502247262,2,72,경기 용인시
204237197,1,72,경기 김포시
593116891,1,72,부산 남구
135687699,2,72,서울 송파구
382417916,2,72,서울 은평구
323904166,2,72,서울 송파구
884293237,1,72,경기 성남시
669360251,2,72,서울 동대문구
406570522,1,72,경기 남양주시
259641287,1,72,경기 고양시
623773545,2,72,서울 송파구
660020197,2,72,서울 성북구
3699906,1,72,서울 마포구
978723792,2,72,부산 남구
114026517,1,72,경기 고양시
597240449,2,72,부산 금정구
52820978,1,72,경기 의왕시
213636729,2,72,서울 노원구
540579594,2,72,경기 화성시
203066088,2,72,경기 고양시
256531861,2,72,부산 수영구
318792525,2,72,부산 동래구
872911742,1,72,부산 수영구
757298827,2,72,서울 동대문구
499783217,2,71,경기 의왕시
246308609,2,71,서울 송파구
335961952,2,71,경기 성남시
195856827,2,71,경기 성남시
294668510,2,71,서울 송파구
426882512,1,71,경기 의왕시
686833241,2,71,서울 동작구
533430896,1,71,경기 성남시
10310196,2,71,경기 안양시
101355617,2,71,서울 양천구
358277976,2,71,경기 성남시
122520118,2,71,서울 영등포구
374586532,2,71,서울 송파구
67292818,2,71,서울 중구
381862897,2,71,서울 노원구
663496230,2,71,서울 송파구
339018851,2,71,경기 성남시
688055399,2,71,서울 송파구
894360253,1,71,서울 강남구
147640686,2,71,서울 마포구
82787192,2,71,서울 영등포구
468220239,2,71,서울 금천구
987936743,1,71,서울 양천구
745064893,1,71,서울 동대문구
642628955,2,71,부산 영도구
194681502,1,71,서울 마포구
263335759,1,71,경기 안성시
437553596,2,71,서울 송파구
946735669,2,71,경기 광주시
304360700,1,74,서울 송파구
548153192,1,71,경기 고양시
887944010,1,70,경기 고양시
971231668,2,70,서울 은평구
126094176,2,70,서울 영등포구
351893934,2,70,서울 광진구
25612406,2,70,부산 해운대구
70841739,2,70,서울 강남구
694217581,1,70,서울 강서구
640815888,1,70,서울 관악구
252282688,1,70,경기 안양시
417047898,2,70,서울 송파구
708705969,2,70,부산 사상구
406629306,2,70,부산 해운대구
796185125,2,70,부산 금정구
18021195,1,70,부산 동구
692179053,2,70,경기 고양시
800538460,2,70,서울 영등포구
298905201,2,70,서울 관악구
921036777,2,70,부산 수영구
584445070,2,70,부산 영도구
222012806,2,70,부산 해운대구
239969081,1,70,서울 동작구
571285163,2,70,부산 해운대구
81139940,2,70,부산 사하구
202455156,2,70,경기 안산시
211570334,1,70,경기 안산시
389327261,2,70,경기 수원시
241113150,1,70,서울 은평구
850624187,2,70,경기 의정부시
986277335,2,70,경기 의정부시
339064060,2,70,경기 수원시
984750465,2,70,경기 남양주시
435215370,2,70,부산 연제구
950291056,1,70,서울 동작구
55844757,2,69,서울 서대문구
165639634,2,69,부산 동래구
868529581,1,69,서울 송파구
969901888,2,69,서울 동대문구
779190802,2,69,서울 용산구
663826861,1,69,서울 서대문구
414448990,2,69,경기 안산시
121724465,2,69,경기 고양시
410362886,1,69,부산 영도구
904352987,1,69,서울 동대문구
894293524,2,69,부산 남구
948905514,2,69,부산 동구
741970409,2,69,경기 안양시
30651506,2,69,부산 해운대구
413691753,2,69,경기 수원시
834880114,2,69,서울 송파구
843801588,2,69,부산 수영구
514592288,2,69,서울 송파구
696566991,1,69,서울 노원구
757511881,2,69,부산 수영구
25134966,2,69,서울 송파구
376114758,2,69,경기 의정부시
512681752,2,69,부산 영도구
614259908,2,69,서울 송파구
71968030,2,69,부산 사하구
472366723,1,69,서울 노원구
995108594,2,69,서울 송파구
393337255,2,69,부산 해운대구
760666972,1,69,서울 은평구
314182740,2,69,서울 송파구
955308746,2,69,경기 동두천시
266561827,1,69,부산 남구
660016678,1,69,경기 의왕시
186248115,2,69,서울 동대문구
77345199,2,69,경기 안양시
784384459,2,69,서울 송파구
6203677,2,69,부산 사하구
291193159,1,68,부산 해운대구
144413154,2,68,서울 노원구
374540276,1,68,서울 구로구
715549887,2,68,경기 고양시
194521566,2,68,경기 고양시
962026743,2,68,경기 성남시
930805988,2,68,서울 금천구
300068837,2,68,부산 수영구
498288236,2,68,서울 영등포구
979052955,2,68,경기 고양시
443385410,2,68,경기 부천시
239874784,2,68,경기 고양시
505700587,2,68,부산 수영구
207252430,2,68,부산 사하구
994677461,2,68,서울 동작구
566059107,2,68,부산 부산진구
464468657,1,68,서울 송파구
795180565,1,68,경기 안양시
970209490,2,68,경기 수원시
80626189,2,68,경기 성남시
243098900,2,68,경기 안양시
80451890,2,68,경기 성남시
95887667,2,68,서울 강서구
407087723,1,68,서울 은평구
739881197,2,68,서울 동작구
124643924,2,68,서울 영등포구
348940491,2,68,서울 성동구
992890409,2,68,서울 은평구
188800133,2,68,경기 성남시
515152676,2,68,경기 용인시
616390264,2,68,서울 강북구
997505574,2,68,서울 강남구
842809182,2,68,경기 성남시
215976601,1,68,서울 송파구
567491288,2,68,경기 남양주시
129849755,1,68,부산 사하구
438078864,2,68,부산 부산진구
423233007,1,68,경기 부천시
501616069,1,68,경기 하남시
287938825,2,68,경기 성남시
221388846,2,68,서울 용산구
371287988,2,68,서울 동작구
81826660,2,68,경기 성남시
503543299,2,68,부산 해운대구
646920417,2,68,경기 안양시
507504510,2,68,서울 양천구
58413533,1,68,부산 사상구
351026185,2,67,경기 용인시
994277985,2,67,경기 과천시
271400739,2,67,부산 수영구
406661177,2,67,경기 성남시
304460300,2,67,경기 성남시
967624700,1,67,부산 부산진구
323959090,2,67,경기 양평군
555168436,2,67,경기 시흥시
943516971,2,67,경기 고양시
722651171,1,67,서울 마포구
254163604,2,67,경기 성남시
170085298,2,67,서울 종로구
351800310,2,67,부산 연제구
448718487,2,67,부산 부산진구
997853190,2,67,서울 강서구
553088347,2,67,서울 송파구
609389506,1,67,서울 용산구
556524763,1,67,경기 성남시
447243048,2,67,부산 동래구
727072912,2,67,경기 성남시
760598172,2,67,부산 수영구
524709429,2,67,경기 고양시
912833818,1,67,서울 강남구
296914461,2,67,서울 은평구
736646305,2,67,경기 수원시
383386493,2,67,부산 수영구
287272994,2,67,경기 부천시
850573285,2,67,서울 송파구
597436160,1,67,경기 안산시
157828726,1,67,서울 강남구
371742259,2,67,경기 군포시
540174937,2,67,서울 노원구
888586881,1,67,서울 동대문구
386412668,1,67,경기 성남시
97368650,2,67,서울 송파구
265263280,1,67,서울 도봉구
154709704,1,67,부산 수영구
592023359,2,67,경기 안양시
330159784,2,67,부산 수영구
489840347,2,67,경기 고양시
484776224,2,67,경기 화성시
681504494,2,67,서울 은평구
152939159,1,67,부산 해운대구
208260290,1,67,서울 관악구
58621989,2,67,서울 강동구
529322021,2,67,서울 송파구
989730441,2,67,부산 수영구
584344432,2,67,서울 성북구
877028523,2,67,경기 의정부시
314186517,2,67,서울 송파구
699962905,2,67,서울 강남구
981009594,2,67,서울 은평구
503436915,2,67,서울 마포구
215876176,2,67,부산 사하구
763538561,2,67,부산 부산진구
475858909,2,67,부산 해운대구
885884093,2,67,서울 노원구
127139157,2,67,경기 고양시
718710560,2,67,부산 영도구
762224180,1,67,부산 사하구
987538741,2,67,경기 성남시
934973128,2,67,부산 사하구
133540014,1,67,경기 성남시
904566821,2,67,서울 송파구
896163626,2,66,부산 동구
235216959,2,66,서울 도봉구
787087733,2,66,경기 남양주시
949197187,1,66,경기 김포시
27763567,2,66,경기 양주시
892805600,1,66,경기 부천시
401287195,2,66,서울 송파구
804044385,2,66,부산 수영구
715142538,2,66,서울 용산구
359903573,2,66,서울 강남구
327732660,2,66,서울 영등포구
727158910,2,66,경기 김포시
204160011,2,66,경기 성남시
278526900,2,66,경기 시흥시
769429726,2,66,부산 사하구
241028659,2,66,서울 송파구
366185208,1,66,부산 해운대구
367667289,2,66,경기 부천시
318388668,2,66,서울 성동구
597892589,2,66,서울 관악구
675385246,2,66,경기 성남시
222736039,2,66,경기 구리시
347935285,2,66,부산 연제구
192448946,1,66,경기 남양주시
605153384,2,66,서울 서초구
388897028,2,66,서울 마포구
833379717,2,66,경기 수원시
61712106,2,66,서울 송파구
507177081,2,66,경기 고양시
140823611,2,66,서울 강동구
70179563,2,66,서울 동대문구
255782139,2,66,서울 종로구
351788985,2,66,서울 강남구
431459315,2,66,경기 광명시
92000684,1,66,경기 고양시
255100408,2,66,서울 중구
48847718,2,66,경기 고양시
127943508,2,66,경기 안산시
650959157,2,66,서울 종로구
760012412,2,66,서울 동대문구
966712502,2,66,부산 동구
909506258,2,66,부산 사하구
739677300,2,66,경기 고양시
645728548,2,66,부산 남구
704248081,1,66,부산 수영구
486554690,2,66,서울 동대문구
904229786,2,66,서울 노원구
461468947,2,66,경기 의정부시
455516973,2,66,서울 강남구
905651952,2,66,서울 영등포구
830336465,1,66,부산 기장군
409801962,1,65,서울 중구
610767385,2,65,서울 종로구
436847202,2,65,경기 성남시
838115340,1,65,서울 은평구
503740775,2,65,경기 양평군
638253392,2,65,서울 서초구
613886638,2,65,서울 동대문구
407707572,2,65,서울 송파구
32394590,2,65,서울 송파구
918433116,2,65,경기 성남시
928953518,2,65,서울 용산구
835860016,2,65,서울 강동구
824429588,2,65,경기 성남시
386724843,2,65,경기 의정부시
922630839,2,65,경기 의왕시
69311872,2,65,경기 수원시
565817192,2,65,경기 안양시
88800041,2,65,서울 강남구
708308936,1,65,서울 서대문구
790858340,1,65,서울 서대문구
805816059,1,65,서울 영등포구
796760005,1,65,서울 동대문구
203763762,2,65,서울 동대문구
964937860,2,65,부산 북구
774021829,2,65,서울 영등포구
646486700,2,65,경기 과천시
626123221,1,65,부산 해운대구
833453648,2,65,부산 수영구
746340086,2,65,경기 수원시
63002458,2,65,경기 용인시
509041336,2,65,서울 송파구
91742758,2,65,경기 하남시
699190976,2,65,서울 강남구
798828950,2,65,서울 영등포구
587107355,2,65,서울 동작구
910514595,2,65,서울 강남구
966767002,2,65,경기 구리시
411150131,2,65,경기 양평군
389478518,2,65,경기 용인시
702715075,2,65,부산 부산진구
714802757,2,65,경기 고양시
932948312,2,65,경기 고양시
126247632,2,65,경기 안양시
867835182,1,65,부산 사하구
497983708,2,65,서울 은평구
806480440,2,65,경기 안양시
549822181,2,65,서울 은평구
378860221,2,65,경기 고양시
617421303,2,65,부산 기장군
383779790,2,65,서울 마포구
718897041,2,65,경기 안양시
829316167,2,65,서울 강남구
411606098,2,65,경기 안산시
2960045,2,65,부산 해운대구
64987645,2,65,서울 노원구
585461706,1,65,부산 해운대구
114709353,1,65,서울 동작구
165846736,2,65,경기 고양시
418116959,1,65,서울 강동구
686644678,2,65,서울 성북구
442194161,2,65,경기 안양시
409603109,2,65,서울 동대문구
36744521,2,65,부산 수영구
21020173,1,65,서울 강동구
288950728,2,65,서울 강남구
608517045,2,64,서울 송파구
538979586,1,64,서울 은평구
480930274,1,64,서울 송파구
257347925,1,64,경기 성남시
93727685,2,64,서울 영등포구
935577192,1,64,경기 광주시
89498436,2,64,서울 강남구
160824082,2,64,서울 송파구
467105964,2,64,경기 광명시
409431450,1,64,서울 서초구
850382064,2,64,서울 송파구
373448681,2,64,경기 안산시
298663569,1,64,부산 영도구
339383747,2,64,서울 송파구
260605785,2,64,부산 강서구
485530928,2,64,서울 노원구
517119820,2,64,경기 수원시
569507133,1,64,서울 송파구
939260530,2,64,서울 서초구
473069438,2,64,부산 연제구
782743532,2,64,부산 남구
238976067,2,64,서울 용산구
733091331,1,64,부산 해운대구
324143046,1,64,서울 강동구
778774435,2,64,경기 성남시
854116716,1,64,부산 부산진구
838101467,2,64,부산 동구
210806236,2,64,경기 안양시
708391056,2,64,부산 해운대구
718641626,2,64,경기 군포시
727070220,2,64,서울 구로구
240459386,1,64,부산 기장군
760534539,2,64,부산 부산진구
930610616,1,64,부산 해운대구
808654096,2,64,서울 동대문구
119474091,2,64,경기 구리시
81523122,2,64,경기 남양주시
1065068,2,64,서울 성동구
823005314,2,64,서울 중랑구
170483465,1,64,부산 사상구
882128979,2,64,부산 해운대구
248900740,2,64,부산 기장군
128074027,1,64,경기 남양주시
121663169,2,64,부산 동래구
420155564,2,64,경기 안양시
431233281,2,64,경기 부천시
563724020,2,64,서울 강서구
545999428,1,64,서울 관악구
405351201,2,63,서울 강남구
663314136,2,63,경기 고양시
990783007,2,63,부산 해운대구
45777953,2,63,서울 강남구
750182809,2,63,서울 동대문구
984297646,2,63,부산 해운대구
985660211,2,63,서울 송파구
563037763,2,63,경기 안산시
61818064,2,63,서울 동작구
377950264,1,63,서울 영등포구
861399140,1,63,부산 동래구
919689000,2,63,경기 성남시
456824900,2,63,경기 수원시
953625517,2,63,서울 강남구
176641279,2,63,경기 수원시
516254278,2,63,서울 송파구
243839179,2,63,서울 용산구
424924006,2,63,부산 서구
491124170,2,63,부산 해운대구
11230381,2,63,서울 서초구
738507023,2,63,경기 고양시
823159827,2,63,경기 성남시
262047403,2,63,부산 부산진구
556740145,2,63,경기 수원시
968743249,2,63,경기 성남시
851413363,2,63,경기 시흥시
77964998,2,63,서울 중구
386855521,2,63,서울 서대문구
940452558,1,63,서울 도봉구
823443574,2,63,서울 중랑구
448590926,2,63,부산 해운대구
104025422,2,63,경기 부천시
626907988,2,63,부산 부산진구
252303735,1,63,경기 고양시
981606401,2,63,서울 관악구
544964839,2,63,경기 고양시
639900723,1,63,서울 송파구
218586735,2,63,서울 송파구
791647304,2,63,서울 송파구
312888059,2,63,경기 안양시
532373716,2,63,서울 송파구
29918795,2,63,부산 해운대구
861182244,2,63,경기 성남시
222362634,2,63,경기 용인시
959786232,2,63,부산 해운대구
568065401,2,63,경기 구리시
228896470,1,63,부산 사하구
988927928,2,63,서울 송파구
182444825,2,63,서울 은평구
717792434,1,63,부산 강서구
282404303,2,63,경기 양평군
749333450,2,63,서울 용산구
862978930,1,63,서울 노원구
243826995,2,63,부산 해운대구
635795573,2,63,경기 성남시
861579076,1,63,부산 강서구
730508654,1,63,부산 사하구
153345164,2,63,경기 안양시
934744650,2,63,부산 수영구
969960055,2,63,서울 강동구
168413457,2,63,경기 고양시
793627607,2,63,부산 사상구
944365411,1,63,경기 고양시
339691418,1,63,부산 연제구
336817256,2,63,경기 고양시
76236608,2,63,경기 고양시
212074291,2,63,서울 송파구
635568369,2,63,부산 동구
31356667,1,63,서울 노원구
705877665,2,63,부산 해운대구
586413214,1,63,부산 북구
844006730,2,63,부산 부산진구
286932797,1,63,부산 해운대구
905713843,2,63,부산 해운대구
448507377,1,63,서울 노원구
556054290,2,63,서울 은평구
178019725,2,63,경기 남양주시
897439676,1,63,서울 관악구
80004097,2,63,부산 부산진구
466491266,2,63,경기 안산시
96806480,2,63,서울 동작구
721836652,1,63,부산 동래구
173194971,2,63,서울 서대문구
106992981,2,63,서울 송파구
533528497,2,63,서울 은평구
483067328,2,63,부산 수영구
725988097,2,63,경기 고양시
7828962,2,63,경기 의정부시
618873592,2,63,서울 강남구
546499224,2,63,서울 성북구
907174331,2,62,부산 수영구
418541047,2,62,서울 강동구
705900045,2,62,부산 금정구
738530528,1,62,부산 해운대구
847467968,2,62,서울 송파구
999375162,2,62,서울 강남구
187547677,2,62,부산 사상구
554183515,1,62,서울 송파구
837641464,2,62,경기 김포시
490844343,2,62,서울 노원구
379180595,1,62,경기 수원시
206413622,1,62,서울 송파구
109010815,2,62,서울 성동구
290870878,2,62,서울 동작구
293879868,2,62,경기 용인시
839709498,2,62,부산 해운대구
977652505,2,62,서울 양천구
302103480,2,62,경기 부천시
84291754,2,62,서울 송파구
342183325,2,62,서울 관악구
389017444,2,62,경기 광주시
104476205,1,62,서울 송파구
829528943,2,62,서울 송파구
403229672,2,62,경기 의정부시
647610673,2,62,서울 영등포구
841530519,1,62,부산 사하구
668193637,2,62,부산 영도구
211293172,1,62,서울 관악구
19563311,1,62,서울 송파구
124196547,2,62,부산 수영구
715656218,2,62,서울 종로구
109859905,2,62,경기 용인시
7996509,2,62,경기 부천시
707276293,1,62,부산 해운대구
978208389,2,62,부산 사하구
994668090,2,62,경기 성남시
631135552,2,62,경기 성남시
348914311,2,62,부산 서구
142137503,2,62,경기 의정부시
440155894,2,62,서울 구로구
409359834,2,62,서울 송파구
815664142,2,62,서울 동대문구
417948084,1,62,경기 용인시
227386470,2,62,경기 부천시
80773421,2,62,부산 해운대구
75211175,2,62,부산 해운대구
493060186,2,62,경기 안양시
675954708,2,62,서울 금천구
502605045,2,62,서울 강남구
106820505,2,62,서울 영등포구
92219912,2,62,경기 안양시
774238799,2,62,서울 용산구
378876561,2,62,부산 해운대구
412472356,2,62,서울 용산구
290657681,2,62,서울 강동구
2272647,2,62,부산 사상구
449545273,1,62,서울 중구
510756789,2,62,경기 수원시
171561937,2,62,부산 사하구
486250803,2,62,경기 의정부시
223999618,2,62,서울 강북구
262122778,2,62,경기 성남시
120626152,2,62,경기 구리시
365640186,2,62,서울 서초구
353663019,2,62,경기 고양시
749255214,1,62,경기 안양시
667677501,2,62,경기 고양시
392626935,2,62,서울 동작구
837265493,2,62,경기 평택시
220494115,2,62,서울 서초구
58700874,2,62,경기 의정부시
346500889,2,62,경기 안양시
691866290,2,62,부산 해운대구
520431880,2,62,부산 수영구
18828749,1,62,경기 의정부시
695099653,2,62,서울 강남구
870377072,1,62,서울 송파구
434746602,2,62,경기 성남시
356775807,2,62,경기 광주시
759194157,2,62,서울 관악구
701596950,2,62,경기 의정부시
834787757,2,62,경기 안양시
514314235,2,62,경기 군포시
36793416,2,62,서울 송파구
290027774,2,62,서울 강남구
461698702,2,62,부산 중구
865286268,1,62,부산 해운대구
272555627,2,62,서울 종로구
847637408,1,62,경기 구리시
524872489,2,62,경기 양평군
554840090,2,62,경기 의왕시
869104206,2,62,서울 송파구
141273873,2,62,경기 성남시
158108371,2,62,서울 송파구
502692905,2,62,부산 금정구
947544552,2,62,서울 노원구
634552698,2,62,서울 동작구
507317347,2,62,부산 사하구
460264013,2,62,서울 강남구
50113203,2,62,부산 해운대구
869048128,2,62,서울 영등포구
949315164,2,62,서울 용산구
402052118,2,62,서울 구로구
391253863,1,61,서울 마포구
975782844,2,61,부산 해운대구
356925329,1,61,서울 강동구
896195325,2,61,경기 고양시
284759871,2,61,서울 노원구
687914118,2,61,경기 성남시
603388508,2,61,서울 성동구
708674796,2,61,서울 강남구
732065952,2,61,부산 해운대구
77250736,2,61,서울 강서구
476770925,1,61,서울 강남구
321029840,2,61,경기 남양주시
338099523,2,61,서울 강북구
953525575,2,61,경기 성남시
274329085,2,61,서울 영등포구
422105909,2,61,경기 성남시
989095622,2,61,서울 마포구
428142732,2,61,서울 강남구
808894597,2,61,경기 김포시
134025044,2,61,부산 사상구
954198108,2,61,부산 해운대구
492118793,2,61,서울 양천구
57879412,1,61,경기 파주시
228633869,2,61,서울 성북구
747027568,2,61,서울 양천구
190499041,2,61,경기 양주시
388424337,2,61,경기 안양시
381499211,2,61,서울 송파구
431606775,2,61,서울 광진구
246006750,2,61,경기 안성시
773130897,1,61,부산 연제구
76119286,1,61,서울 종로구
676366483,2,61,서울 성북구
225546689,2,61,부산 해운대구
826691160,2,61,부산 사상구
182054381,2,61,서울 강서구
744464613,1,61,부산 동구
560859783,2,61,서울 송파구
809590736,2,61,서울 서초구
147247286,2,61,서울 강남구
445414913,1,61,서울 동대문구
931940863,1,61,서울 송파구
319919875,2,61,부산 해운대구
574139199,2,61,서울 성북구
672480285,1,61,경기 성남시
288573086,2,61,경기 안성시
49846786,1,61,서울 도봉구
191234049,2,61,서울 강남구
418941936,2,61,부산 사하구
361676077,2,61,부산 해운대구
10534652,2,61,부산 부산진구
26485659,2,61,경기 고양시
41895986,2,61,서울 송파구
332403268,2,61,부산 동래구
253903519,2,61,경기 포천시
163927889,1,61,경기 안성시
236796423,2,61,서울 송파구
365663170,2,61,부산 수영구
263279012,2,61,서울 영등포구
582567802,2,61,경기 성남시
228236328,2,61,부산 서구
884594904,1,61,경기 의정부시
210517343,2,61,부산 해운대구
845830629,1,61,경기 남양주시
824375427,2,61,부산 수영구
542258084,2,61,부산 연제구
92507036,1,61,부산 사하구
924810428,1,61,경기 양주시
486410291,1,61,부산 해운대구
489264090,1,61,서울 은평구
194551714,2,61,서울 종로구
579107770,1,61,경기 고양시
74375429,1,61,서울 송파구
302849803,2,61,경기 양평군
611493703,2,61,경기 의정부시
672459048,2,61,경기 안양시
180548566,2,61,부산 연제구
12917464,1,61,경기 군포시
999184958,2,61,부산 해운대구
369715380,2,61,서울 강남구
593471560,1,61,서울 서대문구
827108842,2,61,경기 안양시
972797530,1,61,경기 성남시
815928156,2,61,서울 송파구
64550214,2,61,경기 안양시
473914929,2,61,서울 관악구
908858518,1,61,부산 해운대구
703999623,2,61,부산 중구
332821686,2,61,서울 송파구
569618049,2,61,경기 하남시
290040226,2,61,경기 하남시
698604327,2,61,서울 동대문구
863654185,2,61,서울 강남구
152440226,2,61,서울 서초구
303969993,2,61,경기 과천시
865543538,2,61,경기 양평군
555260477,2,61,부산 중구
569808642,1,61,서울 관악구
411507861,1,61,경기 의왕시
298147977,2,61,부산 해운대구
24014929,2,61,부산 해운대구
452479325,2,61,경기 성남시
486378080,2,61,부산 동구
410980014,2,61,서울 강동구
506042856,2,61,서울 서대문구
655681797,2,61,서울 송파구
764492326,2,61,서울 송파구
79073030,1,61,경기 용인시
631421927,2,61,부산 북구
62900002,1,61,부산 북구
240233869,2,61,서울 노원구
999494396,2,61,서울 송파구
766875918,2,60,경기 안산시
571874790,2,60,서울 노원구
156132649,2,60,서울 송파구
2785392,1,60,경기 양평군
1529116,2,60,경기 고양시
778982664,2,60,서울 송파구
623350547,2,60,서울 중구
647359667,2,60,경기 성남시
455706256,2,60,경기 구리시
349958102,2,60,경기 안산시
253026952,2,60,부산 부산진구
830502424,2,60,경기 안산시
852691164,2,60,서울 마포구
941046914,2,60,서울 영등포구
100133113,2,60,서울 관악구
688844361,2,60,서울 영등포구
488600467,2,60,서울 영등포구
964026460,2,60,부산 부산진구
529781372,2,60,부산 해운대구
740359271,2,60,서울 마포구
703970215,2,60,부산 동래구
588167667,2,60,경기 안양시
839346290,2,60,서울 강남구
908908225,2,60,경기 안양시
11250048,2,60,경기 광명시
329335905,2,60,경기 남양주시
950938876,2,60,서울 구로구
821497179,2,60,경기 성남시
485154739,2,60,경기 양평군
401866517,2,60,경기 군포시
658972837,2,60,경기 안양시
907108390,2,60,부산 해운대구
347651374,2,60,부산 부산진구
198500304,1,60,부산 부산진구
686002732,2,60,부산 해운대구
269786988,2,60,서울 관악구
855192007,1,60,경기 의왕시
281948614,1,60,부산 사하구
104203938,2,60,서울 강남구
425282833,2,60,서울 노원구
57715612,2,60,부산 남구
757784696,2,60,서울 강동구
801926173,2,60,경기 고양시
974642081,2,60,부산 해운대구
875798594,1,60,서울 노원구
140837821,2,60,부산 수영구
63875324,2,60,경기 안양시
45707924,2,60,부산 해운대구
969938653,2,60,경기 구리시
731191765,2,60,경기 과천시
864639893,2,60,부산 동구
386161231,2,60,서울 송파구
369193862,2,60,서울 마포구
125567484,2,60,경기 구리시
515496163,2,60,경기 의왕시
578599761,1,60,경기 의왕시
462583773,2,60,경기 부천시
232230936,2,60,서울 서초구
891803916,1,60,경기 용인시
331129310,2,60,경기 안양시
41004166,2,60,부산 부산진구
297689801,2,60,경기 남양주시
792035149,2,60,경기 수원시
885874343,2,60,부산 해운대구
930947142,2,60,서울 송파구
40271184,2,60,부산 해운대구
949947475,2,60,서울 동작구
452045958,2,60,서울 송파구
739164621,2,60,서울 동대문구
521065163,2,60,부산 강서구
88806960,2,60,부산 해운대구
400186158,2,60,서울 서대문구
242834590,1,60,서울 강동구
293595778,2,60,경기 동두천시
692117342,2,60,서울 송파구
292426955,2,60,서울 동대문구
878341739,2,60,서울 송파구
848016565,1,60,경기 고양시
693992751,2,60,부산 기장군
714704797,2,60,부산 사하구
283656473,2,60,경기 용인시
90623452,2,60,부산 연제구
40239514,2,60,서울 동대문구
549297247,2,60,경기 안양시
299252586,1,60,부산 남구
961966525,2,60,서울 서초구
513786894,2,60,서울 구로구
100310261,2,60,경기 안양시
512272354,2,60,부산 해운대구
621093155,2,60,서울 용산구
246558020,2,60,서울 송파구
381361465,2,60,경기 고양시
695364949,2,60,경기 구리시
501663896,2,60,서울 서대문구
69709181,2,60,경기 부천시
237108387,2,60,서울 영등포구
84517642,1,60,서울 송파구
234956837,2,60,부산 해운대구
958918443,2,60,경기 용인시
889055527,2,60,경기 수원시
645861824,1,60,경기 안양시
644203392,2,60,서울 성동구
83850502,2,60,서울 강동구
621603631,2,60,부산 해운대구
447634404,2,60,경기 성남시
509767950,2,60,경기 수원시
424024478,2,60,부산 서구
158480037,2,60,서울 관악구
784161736,2,60,서울 구로구
492842607,2,60,부산 사하구
969362862,2,60,서울 송파구
648913767,2,60,서울 동대문구
569227236,2,60,서울 서초구
97810821,2,60,경기 수원시
490121442,2,60,경기 안양시
755272308,2,60,부산 해운대구
207822494,2,60,서울 중구
75629254,2,60,서울 강북구
195181709,2,60,부산 남구
22775660,2,60,경기 남양주시
862347438,1,60,서울 금천구
361611069,2,60,서울 강동구
268369788,1,60,경기 수원시
52281987,2,60,경기 성남시
948955683,2,59,부산 영도구
431503774,2,59,서울 송파구
995693918,2,59,부산 남구
826904193,1,59,서울 동작구
144464430,2,59,경기 구리시
242570447,1,59,서울 영등포구
661600411,2,59,경기 의정부시
18861280,2,59,경기 고양시
302242982,2,59,부산 동래구
186283984,2,59,경기 부천시
479049126,2,59,서울 송파구
356753162,2,59,부산 부산진구
506755278,2,59,부산 북구
687961778,2,59,서울 송파구
186714013,2,59,부산 동래구
953494041,2,59,서울 송파구
510399238,1,59,서울 송파구
372951885,1,59,경기 고양시
890639815,2,59,부산 영도구
980555178,2,59,서울 동대문구
278833166,2,59,부산 사하구
570474517,2,59,서울 송파구
733870394,2,59,경기 의정부시
173856307,2,59,서울 도봉구
858292915,1,59,경기 양평군
250756143,2,59,부산 부산진구
302345873,2,59,서울 노원구
579521439,2,59,부산 해운대구
190827590,2,59,경기 시흥시
917917674,1,59,경기 안양시
118335530,2,59,경기 안양시
45775442,1,59,경기 부천시
252935216,2,59,경기 안양시
865039557,2,59,경기 성남시
876829990,2,59,서울 영등포구
269022906,2,59,부산 해운대구
911533930,2,59,서울 강남구
552721533,1,59,경기 시흥시
298307437,1,59,경기 고양시
640386717,1,59,서울 은평구
636875249,2,59,경기 용인시
67866473,2,59,서울 구로구
446082297,2,59,경기 고양시
604465988,1,59,부산 연제구
729870549,2,59,서울 강남구
718288768,1,59,서울 서대문구
308145116,2,59,서울 송파구
139633824,2,59,서울 노원구
812859936,2,59,서울 서초구
380756043,2,59,부산 남구
806826552,2,59,경기 용인시
648434112,2,59,경기 과천시
995714590,2,59,경기 김포시
434065754,2,59,경기 안양시
736101127,2,59,서울 송파구
169720141,2,59,부산 해운대구
982799877,1,59,서울 송파구
165636735,2,59,서울 동작구
545854597,2,59,경기 과천시
691619088,2,59,서울 구로구
615322673,1,59,부산 강서구
243846057,2,59,경기 용인시
78086042,2,59,경기 안양시
760471854,1,59,서울 구로구
967890901,2,59,서울 강서구
591493934,2,59,서울 용산구
934908041,2,59,부산 연제구
96024244,2,59,서울 강남구
363175857,1,59,부산 강서구
688887059,2,59,경기 구리시
809839993,2,59,경기 부천시
905816504,2,59,경기 안산시
128811308,2,59,부산 사상구
763375641,2,59,서울 은평구
818028644,2,59,부산 수영구
775982585,2,59,경기 의정부시
64785371,2,59,서울 노원구
95863764,1,59,서울 동작구
36777369,2,59,서울 서초구
287775077,2,59,부산 수영구
353413790,2,59,경기 성남시
204954840,2,59,경기 하남시
292893165,2,59,경기 화성시
153814743,2,59,경기 고양시
44710669,2,59,부산 남구
570183883,2,59,경기 의왕시
851797958,2,59,경기 안산시
281276682,2,59,서울 금천구
252873176,2,59,경기 과천시
220325762,2,59,경기 안양시
192342761,2,59,부산 수영구
368902303,2,59,부산 해운대구
522513275,1,59,부산 수영구
726246180,1,59,경기 안성시
719816368,2,59,서울 송파구
563845991,2,59,경기 성남시
31637266,2,59,서울 노원구
728494821,2,59,서울 동대문구
158679215,2,59,서울 마포구
625539213,2,59,서울 강남구
293751499,2,59,서울 금천구
776886585,2,59,경기 안양시
106547806,2,59,서울 노원구
389207387,2,59,서울 노원구
647650509,1,59,서울 양천구
618522836,1,59,경기 과천시
236452621,2,59,서울 송파구
134881831,2,59,부산 사하구
448679583,2,59,경기 남양주시
114961844,2,59,경기 화성시
78604480,2,59,서울 동대문구
361017699,2,59,서울 서대문구
836110962,2,59,경기 고양시
43220805,2,59,서울 구로구
330052449,2,59,부산 사상구
558169327,2,59,경기 의정부시
974948810,2,59,서울 송파구
537334271,2,59,서울 은평구
82014734,2,59,경기 안양시
998228250,2,59,서울 송파구
970487250,1,59,서울 강서구
947601408,2,59,부산 해운대구
911990029,2,59,서울 용산구
20843976,2,59,경기 고양시
966149513,2,59,부산 해운대구
241885821,2,59,서울 송파구
818063625,2,59,경기 의왕시
235132514,2,59,부산 연제구
645235459,2,59,부산 사하구
831478563,2,59,부산 부산진구
391319294,2,59,서울 동작구
452555193,2,59,부산 해운대구
516063550,2,59,서울 노원구
963859110,2,59,서울 송파구
201547992,2,59,서울 영등포구
746811350,2,59,경기 수원시
807526904,2,59,서울 구로구
530740502,2,59,서울 서대문구
820909263,2,59,서울 종로구
346157515,2,59,서울 강서구
412395743,2,59,경기 고양시
128257792,2,59,서울 송파구
758219045,1,59,부산 부산진구
89698826,2,59,부산 영도구
777486329,2,59,서울 영등포구
205594382,2,59,부산 사하구
955880444,2,59,경기 의왕시
944574092,2,59,서울 서대문구
492425419,2,59,경기 안양시
79043017,2,59,경기 안양시
172853335,1,59,경기 수원시
543162924,2,59,부산 사하구
821404979,2,59,서울 마포구
789953307,2,59,경기 안양시
98828260,2,59,경기 고양시
291525722,2,59,부산 수영구
348197478,1,59,서울 강북구
567772268,2,59,서울 강서구
326567158,2,59,서울 송파구
492457831,2,59,경기 고양시
743159985,1,59,서울 송파구
137979310,2,59,서울 송파구
415961052,2,59,서울 송파구
534666127,2,59,경기 용인시
102921985,2,59,부산 사상구
860149816,2,59,서울 동작구
385368079,2,59,경기 고양시
859850933,2,59,경기 양주시
5939076,1,59,서울 동작구
146162531,2,59,부산 해운대구
381470802,2,59,경기 안산시
921205970,1,58,서울 노원구
181522798,2,58,서울 서대문구
811796680,1,58,경기 고양시
221286499,2,58,부산 해운대구
524932059,1,58,서울 중랑구
784605586,2,58,부산 해운대구
657347944,2,58,서울 광진구
274103027,2,58,서울 송파구
983431920,2,58,경기 고양시
289645438,2,58,경기 수원시
45135548,2,58,서울 노원구
542948321,2,58,부산 연제구
820007238,1,58,경기 수원시
862504184,1,58,서울 송파구
460278532,2,58,서울 동작구
617469555,2,58,서울 강북구
291197365,2,58,부산 수영구
318586050,2,58,서울 용산구
991220368,2,58,서울 용산구
860756592,2,58,서울 강남구
424406986,2,58,서울 중구
511983400,2,58,서울 강남구
635083788,1,58,경기 고양시
17769924,2,58,부산 금정구
684241171,2,58,경기 안산시
951935975,2,58,서울 동대문구
499797815,2,58,서울 용산구
109015868,1,58,경기 안양시
325298480,2,58,경기 안양시
679463978,2,58,서울 송파구
408314231,2,58,부산 수영구
519446869,2,58,부산 수영구
618819566,2,58,경기 의왕시
860544900,2,58,서울 강남구
700882892,2,58,서울 구로구
857991679,2,58,부산 해운대구
530157522,1,58,서울 양천구
164353013,2,58,경기 안산시
790524834,1,58,부산 기장군
752732101,2,58,부산 영도구
514578295,2,58,경기 파주시
547774305,2,58,부산 서구
557640671,2,58,서울 송파구
579224705,1,58,서울 노원구
784655847,1,58,경기 성남시
553846772,2,58,부산 영도구
761121301,2,58,서울 노원구
70316384,2,58,부산 사상구
836418352,2,58,서울 강서구
760040530,1,58,서울 송파구
597146737,2,58,서울 중랑구
94625168,2,58,부산 사하구
457128192,2,58,부산 서구
484100043,2,58,경기 의왕시
182661811,2,58,서울 강서구
709252477,2,58,서울 송파구
382190896,1,58,경기 고양시
429404736,2,58,경기 안양시
423806986,2,58,부산 사상구
354982135,2,58,서울 은평구
134183462,2,58,서울 강남구
775809442,2,58,서울 강남구
307905328,1,58,서울 강서구
783241035,2,58,경기 고양시
44870572,2,58,부산 부산진구
918728697,2,58,서울 마포구
292249697,2,58,부산 해운대구
197838368,2,58,부산 수영구
481075637,2,58,서울 관악구
40970847,2,58,서울 양천구
40908920,2,58,서울 송파구
122518180,2,58,부산 해운대구
551321095,2,58,부산 영도구
590432116,2,58,서울 관악구
959785273,2,58,서울 양천구
937903533,2,58,서울 양천구
306316277,2,58,서울 송파구
815878702,2,58,경기 의정부시
424214746,2,58,경기 과천시
12593059,1,58,서울 송파구
998623524,2,58,경기 안양시
394844241,2,58,서울 구로구
706991653,2,58,서울 송파구
110615509,1,58,서울 서대문구
697780389,1,58,경기 수원시
70551453,1,58,부산 금정구
33481189,2,58,경기 하남시
164053360,2,58,부산 사상구
455152299,2,58,경기 안양시
438292052,2,58,서울 마포구
107097190,2,58,서울 동작구
255254581,2,58,경기 고양시
48610702,2,58,서울 용산구
543456305,2,58,경기 안양시
173945943,2,58,부산 영도구
584124959,1,58,서울 노원구
776926160,2,58,부산 서구
565298022,2,58,서울 노원구
745362278,2,58,경기 고양시
583509922,1,58,부산 부산진구
328916129,1,58,경기 고양시
137268209,2,58,서울 강남구
537833272,2,58,경기 하남시
804665222,2,58,서울 송파구
243126375,2,58,부산 수영구
783919939,1,58,서울 송파구
147368565,2,58,부산 사하구
314044234,2,58,서울 동대문구
261906160,2,58,경기 고양시
957027961,1,58,서울 강남구
353757037,2,58,경기 고양시
368279829,2,58,부산 수영구
137181554,2,58,경기 안양시
821066851,2,58,부산 해운대구
523000218,2,58,서울 동작구
732329686,2,58,서울 송파구
842669066,2,58,경기 의정부시
879494975,2,58,서울 중랑구
85406518,2,58,경기 고양시
39032455,2,58,경기 남양주시
81033542,2,58,서울 강북구
903380465,2,58,부산 해운대구
553201846,2,58,부산 해운대구
57856451,2,58,경기 김포시
751207254,2,58,경기 광명시
424257199,2,58,경기 고양시
274660667,2,58,서울 강동구
41746933,2,58,서울 노원구
229012184,2,58,서울 동대문구
316180538,2,58,경기 고양시
859336555,2,58,부산 부산진구
422270922,2,58,경기 화성시
235229565,2,58,서울 도봉구
310823653,2,58,서울 강남구
763676829,2,58,서울 노원구
283208775,2,58,부산 부산진구
493856086,2,58,경기 안양시
90390004,2,58,부산 사상구
963246432,2,58,서울 강서구
833202938,2,58,부산 사하구
500769803,2,58,경기 고양시
902008790,1,58,경기 과천시
837350787,2,58,서울 동대문구
135432881,1,58,서울 동작구
864551451,2,58,서울 송파구
785504044,2,58,서울 강서구
68130993,2,58,경기 여주시
904722286,1,58,경기 안양시
401186127,2,58,서울 서초구
594917525,2,58,서울 송파구
447706695,2,58,서울 용산구
902424208,1,58,서울 성동구
59265940,1,58,서울 도봉구
865146875,2,58,서울 동작구
593014935,2,58,서울 송파구
505798894,2,58,부산 연제구
643256474,2,58,서울 강서구
6697787,2,58,서울 강동구
917573485,2,58,부산 해운대구
496750640,2,58,부산 해운대구
511572253,1,58,서울 서대문구
14661989,1,58,서울 은평구
557520775,1,58,경기 군포시
466404470,2,58,경기 안산시
961240213,2,58,서울 강남구
538462459,1,58,서울 중구
35753860,1,58,경기 구리시
45788012,2,57,서울 강남구
476451308,2,57,서울 강서구
254574442,2,57,서울 송파구
738638559,2,57,서울 강남구
700019022,2,57,서울 종로구
820643756,2,57,경기 용인시
43086814,2,57,서울 동대문구
384483350,2,57,부산 사상구
497539005,1,57,부산 수영구
565017092,2,57,경기 성남시
238687206,1,57,서울 중구
388671266,2,57,부산 부산진구
56751763,2,57,서울 동대문구
39696804,1,57,경기 성남시
315955355,2,57,서울 강서구
451602008,2,57,경기 안양시
759950783,2,57,서울 송파구
57823423,2,57,서울 서대문구
374392943,1,57,경기 안양시
634105272,2,57,서울 송파구
183990744,2,57,경기 의정부시
717693199,2,57,부산 해운대구
821546967,2,57,경기 양주시
522379911,2,57,경기 고양시
404988979,2,57,경기 부천시
439000568,2,57,부산 남구
931121828,1,57,경기 안산시
56493915,2,57,경기 성남시
822722386,2,57,경기 광주시
673509910,2,57,경기 성남시
835521692,2,57,부산 부산진구
231931017,1,57,부산 남구
21485976,2,57,부산 수영구
567094375,2,57,경기 양평군
413521043,2,57,경기 고양시
758104703,2,57,부산 사하구
563056641,1,57,경기 광주시
611969661,2,57,서울 송파구
753084335,1,57,서울 강남구
656647126,2,57,서울 은평구
227434233,1,57,경기 이천시
391639212,2,57,부산 북구
397759930,2,57,부산 부산진구
30450189,2,57,부산 남구
641423893,2,57,서울 도봉구
760300387,2,57,부산 강서구
759618301,2,57,부산 사상구
584013846,1,57,경기 과천시
187769196,2,57,경기 과천시
421794905,2,57,경기 성남시
378610964,2,57,부산 해운대구
858852085,2,57,부산 수영구
700383395,2,57,서울 노원구
887462263,2,57,경기 김포시
331207397,2,57,서울 송파구
209762712,1,57,경기 성남시
610654959,2,57,경기 의왕시
257696967,2,57,서울 서대문구
598531123,1,57,부산 부산진구
18168326,1,57,경기 수원시
231374882,2,57,부산 사상구
574838197,2,57,부산 해운대구
404286164,1,57,경기 안양시
314865077,2,57,서울 송파구
406788426,2,57,경기 수원시
798963905,2,57,서울 종로구
423125734,1,57,서울 마포구
171601936,2,57,서울 동대문구
592440292,2,57,경기 의정부시
684316994,1,57,서울 마포구
551866526,2,57,부산 해운대구
471013424,2,57,부산 해운대구
799450738,1,57,부산 수영구
93925916,2,57,부산 사상구
580199410,2,57,서울 중구
442808720,2,57,서울 강남구
259844125,2,57,서울 송파구
223194713,2,57,서울 용산구
784209886,2,57,부산 영도구
672719896,2,57,서울 영등포구
491322361,2,57,경기 부천시
51761252,2,57,경기 고양시
348609693,2,57,부산 강서구
675431311,2,57,서울 영등포구
943844740,2,57,서울 용산구
253834101,2,57,서울 송파구
314301611,2,57,부산 수영구
10646654,2,57,경기 남양주시
514612514,2,57,서울 중랑구
136931687,1,57,서울 서대문구
653671809,2,57,서울 용산구
332840726,2,57,부산 금정구
536135033,2,57,서울 노원구
638004753,2,57,서울 송파구
480846548,1,57,서울 마포구
468565065,1,57,서울 강북구
797992461,2,57,서울 송파구
655222285,2,57,서울 동대문구
553914004,2,57,부산 연제구
946230759,2,57,경기 용인시
122868975,2,57,경기 남양주시
552627258,2,57,부산 서구
186704293,2,57,부산 부산진구
797234442,1,57,경기 구리시
979027794,2,57,경기 안산시
911619473,2,57,경기 양평군
308911683,2,57,서울 서초구
800894489,2,57,서울 송파구
792153998,2,57,서울 양천구
987230818,2,57,경기 부천시
148262594,2,57,경기 고양시
967255954,2,57,서울 동대문구
928106943,2,57,서울 종로구
919853496,2,57,서울 동작구
848554108,2,57,경기 김포시
210168092,2,57,부산 동래구
103867153,2,57,부산 해운대구
788255431,2,57,서울 중구
934366070,2,57,서울 강남구
778693467,1,57,부산 연제구
969208993,2,57,서울 강남구
918939856,2,57,경기 안양시
467675035,2,57,서울 노원구
472833333,1,57,서울 송파구
51207652,2,57,부산 해운대구
744230672,2,57,경기 군포시
61651345,2,57,서울 구로구
977900300,2,57,부산 사하구
965928597,2,57,부산 동래구
653565164,2,57,부산 동래구
627138492,2,57,서울 성북구
620451021,2,57,서울 관악구
878140456,2,57,부산 연제구
984928801,1,57,경기 파주시
645322861,1,57,부산 수영구
550207082,1,57,서울 금천구
243000710,2,57,경기 안양시
196434474,2,57,경기 안양시
35613358,1,57,서울 노원구
753126675,1,57,부산 사상구
714183731,2,57,서울 송파구
677460513,2,57,부산 기장군
191785318,2,57,부산 동래구
592548665,2,57,부산 해운대구
541500789,2,57,서울 양천구
551461425,1,57,서울 서초구
902569137,1,57,부산 해운대구
153082714,2,57,부산 강서구
632218960,2,57,부산 사상구
435477109,2,57,부산 해운대구
551074475,2,57,경기 양평군
445256049,2,57,서울 영등포구
943532664,2,57,서울 마포구
808656572,1,57,부산 해운대구
229333642,1,57,경기 시흥시
695064390,2,57,경기 부천시
95419503,2,57,경기 안양시
571071154,2,57,부산 서구
273081949,2,57,경기 남양주시
508717702,2,57,경기 안양시
525332801,2,57,서울 노원구
804878467,1,57,서울 종로구
790152087,1,57,서울 강남구
594203523,1,57,경기 안산시
377656253,2,57,경기 안산시
15298598,2,57,경기 군포시
466860921,2,57,부산 남구
432778165,2,57,경기 안양시
420191474,2,57,서울 서초구
393444447,2,57,서울 용산구
838914305,2,57,경기 김포시
482880014,2,57,경기 안양시
188463907,2,57,부산 부산진구
249453141,2,57,서울 강동구
781614619,2,57,서울 강동구
671880116,2,57,경기 양평군
585671345,2,57,경기 과천시
419397276,2,57,경기 고양시
350845706,2,57,서울 강서구
592992699,2,57,서울 송파구
119937052,2,57,부산 해운대구
900153313,2,57,경기 고양시
584431338,1,57,서울 중랑구
347878114,2,57,경기 구리시
211815933,1,57,서울 구로구
302684574,2,57,경기 파주시
520456684,2,57,서울 강서구
199723551,2,57,서울 강남구
53526927,2,57,부산 연제구
155460193,1,57,부산 해운대구
645722751,1,56,부산 해운대구
493521953,2,56,부산 수영구
369410041,2,56,서울 송파구
860864167,2,56,경기 과천시
589586352,2,56,서울 강동구
82021577,2,56,경기 성남시
785794298,1,56,경기 남양주시
254311129,2,56,서울 중랑구
794995929,2,56,서울 동대문구
563001584,2,56,경기 안양시
651829706,2,56,부산 사하구
733937156,2,56,부산 해운대구
325355681,2,56,경기 남양주시
265405567,2,56,경기 의왕시
418430022,1,56,부산 해운대구
454460865,2,56,부산 사상구
238161368,2,56,경기 고양시
585647398,2,56,경기 의왕시
575747895,2,56,부산 부산진구
276690067,2,56,서울 동작구
6272726,2,56,부산 강서구
965501961,2,56,서울 동작구
924010590,1,56,경기 안양시
867371343,1,56,부산 남구
300958450,2,56,서울 용산구
827335236,2,56,부산 해운대구
155816847,1,56,서울 강남구
415827821,1,56,경기 의왕시
980881628,2,56,서울 용산구
46903627,2,56,경기 용인시
337426663,1,56,서울 강남구
33757415,2,56,부산 남구
814052768,1,56,서울 영등포구
639837912,1,56,경기 성남시
139721462,2,56,서울 용산구
26601444,2,56,서울 양천구
534964412,2,56,경기 고양시
419763560,2,56,부산 사상구
461284644,2,56,서울 서초구
488782876,2,56,경기 고양시
59042092,1,56,서울 강남구
1387032,2,56,서울 은평구
57511132,2,56,부산 기장군
997144126,2,56,경기 광주시
878310664,2,56,서울 서대문구
75329925,2,56,부산 동래구
214332001,2,56,부산 연제구
174189537,2,56,경기 안양시
334064591,2,56,부산 사하구
7396302,2,56,부산 강서구
747738831,2,56,경기 남양주시
963200154,2,56,경기 파주시
571062681,2,56,서울 서대문구
323079269,2,56,서울 송파구
461028637,1,56,경기 안양시
627821020,2,56,경기 안산시
93604663,2,56,서울 송파구
91019969,2,56,서울 동대문구
801605745,2,56,경기 고양시
913527966,1,56,경기 고양시
492957417,2,56,서울 동대문구
573199239,2,56,부산 수영구
500256407,2,56,서울 금천구
380691883,2,56,경기 고양시
359540234,1,56,경기 고양시
882555410,2,56,서울 송파구
610542956,2,56,경기 성남시
813154218,2,56,서울 강북구
543881454,2,56,부산 사하구
507319358,2,56,서울 동대문구
840384999,1,56,서울 노원구
336477388,2,56,서울 종로구
267979457,2,56,부산 연제구
327069275,2,56,경기 김포시
860894324,2,56,서울 서초구
336202470,2,56,서울 노원구
382309748,2,56,서울 송파구
400008890,2,56,경기 고양시
519964343,2,56,서울 도봉구
850708185,1,56,경기 고양시
48500958,2,56,경기 구리시
842077979,2,56,부산 사하구
622589951,2,56,경기 성남시
90181232,2,56,서울 송파구
81754915,2,56,서울 송파구
48808300,2,56,서울 송파구
825271266,2,56,서울 중구
989757896,2,56,경기 안산시
768454887,2,56,서울 서대문구
337195138,2,56,서울 관악구
955583428,2,56,서울 송파구
700802655,2,56,부산 사하구
324936140,2,56,경기 의정부시
468539943,2,56,경기 용인시
957486084,2,56,경기 성남시
548238861,2,56,서울 동대문구
716695612,1,56,서울 강남구
981318387,2,56,경기 안양시
60799480,2,56,경기 의정부시
141413457,2,56,부산 영도구
902907133,2,56,경기 의정부시
565394887,2,56,서울 동대문구
693148028,2,56,서울 강남구
153493609,2,56,부산 부산진구
20349643,2,56,경기 양평군
799954861,2,56,부산 해운대구
582195983,1,56,경기 의정부시
181729255,2,56,서울 광진구
43378139,2,56,경기 의정부시
405356356,2,56,서울 동작구
903489970,2,56,부산 남구
933903611,2,56,경기 성남시
468229617,2,56,서울 중랑구
617771548,2,56,서울 영등포구
577917015,2,56,부산 강서구
622735003,1,56,경기 안양시
909103832,2,56,부산 해운대구
997677778,2,56,서울 동대문구
10677004,2,56,경기 파주시
717526435,2,56,서울 중구
557118245,2,56,경기 파주시
605824930,1,56,서울 서대문구
849424238,2,56,경기 수원시
318733029,2,56,서울 강서구
156417688,2,56,서울 동대문구
738172539,2,56,서울 강남구
533388194,1,56,부산 사하구
385199152,1,56,서울 서초구
841302717,2,56,부산 수영구
906136120,2,56,경기 광주시
195266706,2,56,경기 안양시
362836605,2,56,서울 강남구
71535197,2,56,부산 부산진구
229667913,2,56,부산 사하구
443804467,1,56,서울 강서구
700476036,2,56,서울 마포구
967381095,2,56,서울 은평구
531652581,2,56,경기 양평군
248751628,2,56,서울 마포구
770481682,2,56,서울 용산구
728260196,2,56,부산 해운대구
171997351,1,56,서울 노원구
957389182,1,56,부산 남구
865609444,2,56,서울 은평구
282346216,2,56,부산 사하구
611877595,2,56,부산 사하구
259979445,2,56,서울 송파구
17827264,2,56,서울 강동구
254358767,2,56,서울 관악구
424340001,2,56,부산 사상구
777085593,2,56,서울 강남구
880232752,1,56,경기 고양시
540374078,2,56,경기 광명시
951536583,2,56,서울 동대문구
282569819,2,57,부산 부산진구
416465520,1,56,경기 안양시
896816612,2,56,서울 노원구
761620039,1,56,부산 서구
605477092,2,56,경기 고양시
990370480,2,56,경기 의정부시
17002692,2,56,서울 송파구
142032886,2,56,부산 사하구
808268665,2,56,서울 송파구
532898418,2,56,경기 시흥시
961969067,2,56,경기 안양시
572758956,2,56,서울 동작구
886829298,1,56,경기 부천시
877256654,2,56,부산 사상구
212846324,2,56,경기 성남시
979913139,2,56,서울 구로구
464836690,2,56,부산 해운대구
54666603,1,56,서울 중구
21031823,2,56,경기 고양시
51772459,2,56,서울 강남구
379258398,2,56,서울 관악구
190116849,2,56,경기 안양시
259908708,2,56,부산 동구
839712357,2,56,서울 강동구
174444089,2,56,경기 안양시
316985651,2,56,경기 안산시
96201538,1,56,서울 강동구
343899056,2,56,부산 동구
480772744,2,56,서울 마포구
856498536,2,56,서울 강남구
749666750,2,56,서울 송파구
69942583,2,56,서울 은평구
971514764,1,56,경기 남양주시
299720529,2,56,서울 강남구
649208501,2,56,서울 마포구
72268710,2,56,서울 동대문구
690885156,2,56,경기 안양시
723369462,1,56,부산 사하구
97609369,2,56,부산 서구
559341147,2,56,서울 송파구
56860218,2,56,서울 강남구
539687131,2,56,부산 부산진구
241386435,1,56,경기 안양시
661025479,2,56,경기 수원시
230244597,2,56,경기 안양시
250715928,2,56,서울 종로구
785877149,2,56,경기 하남시
968570440,2,56,서울 종로구
13215076,2,56,서울 송파구
827335877,2,56,서울 송파구
169951248,2,56,서울 은평구
630237897,2,56,서울 강서구
412215156,1,56,경기 남양주시
739144808,1,56,서울 중구
251149023,2,56,서울 강남구
781441898,2,56,경기 양평군
171399612,2,56,서울 강남구
978176180,2,56,경기 안양시
307423747,2,56,서울 강북구
341661615,2,55,경기 안양시
899439405,1,55,서울 동대문구
112386091,2,55,서울 강서구
381763286,2,55,경기 고양시
767034005,2,55,경기 안양시
387636154,2,55,서울 동작구
829153512,2,55,경기 성남시
332305344,2,55,서울 강동구
383039454,2,55,서울 용산구
33055451,2,55,서울 은평구
897627607,2,55,서울 마포구
243057415,2,55,경기 의왕시
969120975,2,55,경기 안산시
531098102,1,55,경기 김포시
831353699,2,55,경기 안양시
321501830,1,55,서울 도봉구
608812582,1,55,부산 연제구
994312901,2,55,서울 서초구
781438156,2,55,경기 고양시
814133495,1,55,서울 동대문구
769445235,2,55,서울 송파구
478479295,2,55,서울 광진구
857982571,1,55,경기 구리시
260931693,2,55,부산 사하구
619551649,2,55,서울 강남구
788742511,2,55,서울 송파구
533585850,2,55,경기 수원시
964799480,2,55,경기 안산시
153180694,2,55,경기 안양시
844452500,2,55,서울 은평구
102801604,2,55,부산 중구
454649316,2,55,경기 수원시
603075047,2,55,부산 금정구
73064341,2,55,서울 서대문구
701127368,1,55,서울 마포구
855574058,2,55,서울 마포구
35248503,2,55,서울 노원구
784667636,1,55,부산 해운대구
866220670,2,55,부산 부산진구
554729938,2,55,경기 의정부시
779356789,2,55,경기 파주시
799192855,1,55,서울 양천구
533147563,2,55,경기 고양시
472423176,2,55,서울 강동구
622672192,2,55,서울 마포구
873822666,2,55,경기 고양시
273017950,2,55,부산 사하구
43172930,2,55,경기 안산시
292863602,2,55,부산 동구
122330428,2,55,서울 동대문구
498327184,2,55,서울 구로구
813491273,1,55,경기 용인시
19725780,2,55,경기 김포시
398526642,2,55,부산 사상구
892590166,2,55,경기 파주시
320496984,2,55,부산 사하구
941321719,2,55,부산 해운대구
781271820,2,55,경기 고양시
22807618,2,55,서울 마포구
795508611,2,55,부산 중구
35120595,2,55,서울 마포구
625919716,1,55,부산 금정구
483837181,2,55,경기 안양시
578935244,2,55,서울 관악구
464816568,2,55,서울 강남구
254673979,1,55,경기 안양시
121829342,2,55,경기 안양시
882284269,2,55,서울 동대문구
513111512,2,55,경기 동두천시
640927632,2,55,서울 강동구
856791283,2,55,서울 관악구
739400457,2,55,부산 강서구
326615905,2,55,서울 양천구
734922548,1,55,서울 양천구
377673058,2,55,경기 수원시
61880270,2,55,부산 해운대구
221108911,2,55,경기 의왕시
316786665,2,55,서울 동대문구
754705971,2,55,경기 남양주시
703274583,1,55,서울 송파구
821607123,2,55,경기 안양시
337742119,2,55,서울 동대문구
790418674,1,55,경기 안양시
817918078,2,55,서울 서초구
37578665,2,55,서울 서초구
654102501,1,55,경기 의정부시
297193527,1,55,부산 금정구
455119436,2,55,서울 성북구
390674913,2,55,서울 동대문구
209003655,2,55,부산 영도구
530739747,2,55,부산 연제구
645827967,1,55,서울 강남구
579036343,2,55,서울 송파구
757459951,2,55,부산 해운대구
709563786,2,55,서울 서초구
740672572,2,55,경기 고양시
792462963,2,55,서울 관악구
525117700,2,55,서울 노원구
642770012,2,55,부산 사하구
989423028,2,55,경기 수원시
435335329,2,55,부산 중구
99392015,2,55,경기 의정부시
133010224,2,55,경기 안성시
72492959,2,55,서울 서초구
813479000,2,55,경기 고양시
892879562,2,55,경기 군포시
125847592,1,55,경기 안산시
506937695,2,55,경기 의왕시
434304555,2,55,경기 군포시
335231417,2,55,부산 수영구
787289315,2,55,서울 중구
299994558,1,55,부산 부산진구
592324212,2,55,부산 사상구
7410480,2,55,경기 용인시
266878336,2,55,부산 금정구
166637054,2,55,서울 서대문구
553897416,2,55,경기 용인시
700968055,2,55,부산 사상구
918289529,2,55,경기 군포시
30438592,2,55,부산 남구
872516012,2,55,경기 의정부시
167362202,2,55,부산 사상구
9355571,2,55,경기 안양시
248064289,2,55,경기 안양시
409240571,2,55,경기 수원시
109235271,2,55,서울 송파구
172416813,2,55,서울 송파구
937111846,1,55,경기 남양주시
239173074,1,55,경기 양평군
169022169,2,55,경기 안산시
264892218,2,55,서울 은평구
674323660,2,55,서울 강동구
916962687,2,55,경기 의왕시
653885655,1,55,부산 부산진구
246325385,2,55,부산 사하구
777235047,2,55,서울 동대문구
242457836,2,55,서울 송파구
112103357,2,55,부산 사하구
775711372,1,55,서울 동작구
279746058,2,55,경기 성남시
992975599,2,55,부산 동래구
941574774,2,55,서울 영등포구
803852790,2,55,부산 부산진구
11966063,2,55,부산 사하구
735923226,2,55,서울 송파구
84042638,2,55,부산 북구
2413953,2,55,서울 강남구
607330236,2,55,서울 마포구
899685850,2,55,서울 금천구
451374269,1,55,부산 서구
990589885,2,55,경기 안양시
255160758,2,55,경기 과천시
798715675,1,55,서울 영등포구
113078575,2,55,부산 해운대구
462605408,2,55,부산 금정구
773425884,2,55,경기 부천시
724283662,1,55,경기 안양시
284440150,2,55,서울 용산구
24670755,2,55,서울 노원구
47356129,2,55,경기 수원시
127370247,2,55,경기 고양시
672454559,2,55,부산 해운대구
255944190,2,55,경기 안산시
673591059,2,55,경기 고양시
221528555,2,55,부산 해운대구
275816415,2,55,부산 강서구
732800372,2,55,부산 동래구
652923944,2,55,부산 해운대구
980919930,2,55,서울 강서구
85128080,1,55,서울 용산구
901287115,2,55,경기 안양시
813173612,1,55,서울 광진구
948437786,2,55,부산 해운대구
508591775,2,55,경기 의왕시
663189343,2,55,부산 북구
521405199,2,55,경기 고양시
51924855,2,55,서울 강북구
15705438,1,55,서울 강남구
141985430,1,55,경기 성남시
158231679,2,55,경기 고양시
923345179,2,55,부산 동래구
796539429,2,55,경기 고양시
272620218,2,55,경기 성남시
593690143,2,55,서울 송파구
71825420,2,55,부산 해운대구
810539472,1,55,부산 해운대구
626431130,2,55,서울 강남구
795717840,2,55,부산 동래구
38607640,2,55,부산 해운대구
100965723,2,55,서울 송파구
148534986,2,55,경기 고양시
53023782,1,55,부산 사상구
382085749,2,55,부산 해운대구
118666430,2,55,부산 부산진구
47190718,1,55,서울 구로구
535234089,1,55,부산 강서구
74995276,2,55,서울 송파구
160739356,2,55,서울 금천구
965861943,2,55,부산 영도구
968101434,1,55,서울 노원구
55439159,2,55,경기 화성시
349316419,2,55,서울 도봉구
268109557,2,55,부산 사하구
367037320,2,55,경기 부천시
654365783,2,55,경기 부천시
679111687,2,55,서울 용산구
924875926,2,55,서울 강북구
303334885,2,55,경기 고양시
220415000,2,55,경기 파주시
6796430,2,55,부산 강서구
619714911,2,55,부산 부산진구
929413462,2,55,서울 송파구
301620648,2,55,서울 용산구
697960057,2,55,서울 양천구
955385969,2,55,부산 사상구
881371647,1,55,서울 동대문구
451219408,2,55,서울 노원구
721274011,1,55,서울 마포구
205118526,2,55,서울 송파구
81003389,2,55,부산 사하구
26012026,2,55,경기 고양시
131755580,2,55,부산 수영구
12383138,2,55,서울 송파구
421712069,1,55,경기 의정부시
967005942,2,55,서울 강동구
994456429,2,55,서울 송파구
469335928,1,55,경기 의왕시
362183539,2,55,서울 송파구
293365316,2,55,경기 안양시
884477295,2,55,경기 안양시
98714483,2,55,경기 안양시
874706763,2,55,부산 해운대구
228938514,2,55,서울 동작구
906210551,2,55,경기 안양시
475229239,2,55,경기 시흥시
231362870,1,55,부산 영도구
244442027,2,55,부산 해운대구
823518191,2,55,서울 강동구
11732065,1,55,서울 성동구
895345313,2,55,부산 해운대구
715900146,2,55,경기 용인시
256689240,2,55,경기 구리시
780267244,2,55,서울 노원구
759509839,2,55,서울 노원구
910904321,2,55,경기 의정부시
65233355,2,55,서울 강서구
790518235,2,55,부산 사상구
67922079,2,55,부산 서구
169807083,2,55,서울 강남구
275661349,1,55,부산 서구
8403925,2,55,부산 해운대구
447422691,2,55,경기 시흥시
745094210,2,55,서울 동작구
658525458,1,55,경기 고양시
882784384,1,55,경기 안양시
65585950,2,55,경기 고양시
543745613,2,55,서울 동작구
597994659,1,55,경기 부천시
466220947,1,55,서울 종로구
514608577,2,55,서울 동작구
888743928,2,55,서울 금천구
885621524,2,71,경기 안성시
881587107,2,56,서울 종로구
833446677,2,58,부산 동래구
973380801,2,57,경기 안산시
352450977,1,57,경기 수원시
499547938,2,59,경기 오산시
377461896,2,55,경기 안양시
538999307,2,60,서울 송파구
587465058,2,62,부산 강서구
83123157,2,56,경기 과천시
459261780,2,67,경기 의왕시
650994326,2,55,경기 화성시
893380678,2,55,경기 파주시
868991137,2,55,서울 동작구
35157452,2,59,경기 의왕시
784886142,2,57,경기 광명시
206626074,1,63,경기 의왕시
224319510,2,78,경기 안양시
949474564,2,66,부산 사하구
286014699,2,58,경기 남양주시
640162810,2,60,서울 서대문구
518914145,1,57,경기 수원시
76682678,2,63,서울 종로구
993860652,2,73,서울 은평구
180201581,2,63,경기 고양시
230821716,2,56,경기 안산시
703849432,2,55,경기 안산시
11001381,2,56,경기 안양시
503819024,2,67,서울 구로구
223377325,1,59,서울 용산구
899682251,2,70,경기 고양시
860363624,2,56,경기 안산시
42217017,2,68,서울 노원구
716392222,2,59,경기 안산시
27175094,1,77,경기 동두천시
295312294,2,70,서울 광진구
42470461,2,73,경기 안산시
999024423,2,58,서울 송파구
614779203,2,59,경기 안양시
575135458,2,73,경기 구리시
185437467,2,77,경기 수원시
860827974,2,57,경기 성남시
876943706,2,60,서울 관악구
84184979,2,62,서울 영등포구
216464013,2,56,경기 안산시
607184878,2,57,부산 강서구
898142392,2,60,서울 마포구
302262874,1,56,경기 안양시
751551031,1,73,경기 고양시
353601479,2,56,경기 의정부시
699875972,2,59,서울 송파구
295891159,2,55,경기 안양시
297195438,2,61,경기 안산시
20531921,2,58,경기 안산시
518537524,2,58,서울 영등포구
228039119,2,59,서울 영등포구
862831173,2,55,서울 서대문구
993151054,2,61,서울 송파구
909249,2,56,부산 해운대구
358151411,2,64,서울 송파구
637281992,2,56,경기 안산시
275738108,2,75,경기 의정부시
371683126,2,60,경기 고양시
391255323,2,58,서울 송파구
679487212,2,60,경기 구리시
72013395,2,55,서울 강동구
968723870,1,56,경기 성남시
271303373,2,67,서울 영등포구
950709087,2,58,경기 고양시
502547789,1,68,경기 성남시
92341227,2,57,경기 김포시
464880002,2,62,서울 동대문구
653979631,2,68,경기 구리시
348426867,2,58,경기 과천시
584303551,1,60,경기 안산시
44988340,2,55,경기 파주시
99441318,1,58,경기 구리시
877555130,2,64,경기 안산시
116738023,2,56,부산 수영구
822104451,1,62,경기 군포시
337448735,2,64,경기 안양시
568630031,2,72,서울 관악구
144904522,2,63,부산 동래구
790739486,2,59,부산 수영구
444172172,2,59,서울 강남구
301567729,1,64,서울 영등포구
234086645,2,60,서울 마포구
770488674,1,56,경기 평택시
542369127,1,59,부산 사하구
994056131,2,57,경기 안산시
137651966,2,55,경기 구리시
445049180,1,60,서울 영등포구
497918541,2,55,경기 남양주시
995405816,1,56,서울 영등포구
961436943,2,57,부산 부산진구
962457176,2,60,서울 중구
11540528,2,71,경기 안양시
446370099,2,63,서울 동대문구
547599791,2,68,서울 금천구
956566096,2,66,경기 용인시
714840883,2,65,경기 안산시
730361037,2,62,서울 강남구
843261124,2,60,서울 종로구
721760531,1,57,부산 사상구
998386599,2,67,서울 송파구
539114554,1,57,서울 강남구
272147316,2,62,서울 송파구
513609867,2,57,경기 의왕시
89156307,2,56,서울 노원구
609402508,2,59,경기 동두천시
78807271,1,55,경기 안양시
617852163,1,65,경기 과천시
459409229,2,57,부산 사상구
328009676,2,75,경기 양주시
896043549,1,57,서울 구로구
621297585,2,62,서울 송파구
838948313,2,66,경기 오산시
965629679,2,62,서울 마포구
452124279,2,61,경기 용인시
968312316,2,59,경기 의왕시
697136322,2,72,서울 도봉구
139155864,1,67,경기 남양주시
438064647,1,55,경기 의왕시
734625995,2,58,서울 금천구
994392508,2,55,부산 남구
342726171,1,55,부산 사하구
737287663,2,56,경기 안양시
535573115,2,69,경기 안산시
805077187,2,56,서울 노원구
74910196,2,63,서울 성북구
265040093,2,56,경기 성남시
911610068,2,55,경기 안양시
943015980,2,56,경기 고양시
139237291,1,55,서울 관악구
314215577,2,56,경기 안산시
223280881,2,58,부산 해운대구
295464255,2,57,경기 수원시
76279566,2,74,경기 성남시
851555918,2,58,경기 안양시
789462507,2,57,경기 시흥시
618115849,2,57,경기 구리시
447617015,1,74,서울 노원구
790421352,2,56,부산 남구
991818469,2,78,경기 의왕시
407544034,2,56,서울 용산구
792619303,2,59,경기 안양시
104663750,2,61,서울 용산구
79986656,1,60,부산 사하구
666062605,2,64,서울 서대문구
406025239,2,69,서울 용산구
449186971,1,60,서울 송파구
362729013,2,55,경기 안산시
647285649,2,57,서울 강북구
346192278,2,55,경기 안양시
70226704,2,56,경기 수원시
159039336,2,68,경기 수원시
132014011,2,63,경기 안산시
423914536,1,55,부산 동구
262308550,2,57,서울 송파구
355223547,2,60,부산 사하구
523477792,2,55,서울 강남구
150945263,2,66,서울 은평구
208616306,2,62,부산 사하구
205632391,2,57,부산 사상구
201306540,2,57,부산 사상구
709841566,2,55,서울 영등포구
648797437,1,61,부산 서구
572861391,2,57,부산 사상구
636279171,2,56,경기 고양시
378190733,1,57,부산 사상구
879601783,2,57,부산 강서구
685682086,2,55,경기 고양시
407353906,2,67,서울 용산구
922682288,2,62,부산 사하구
352490198,2,63,서울 송파구
520258805,2,58,경기 수원시
80308896,2,68,부산 수영구
434296597,1,58,부산 강서구
717841420,2,57,경기 포천시
845545581,2,63,서울 마포구
524829349,2,60,경기 안산시
414259324,2,56,서울 서초구
590486282,2,56,경기 군포시
586331497,2,69,서울 노원구
566097176,2,62,부산 동구
398719854,2,55,경기 의왕시
455548984,2,58,서울 중구
354519027,2,63,서울 강서구
201842174,2,59,부산 연제구
573436207,2,71,경기 고양시
829325119,2,58,경기 의정부시
437585738,2,62,경기 안양시
772035715,2,55,부산 서구
501628932,2,58,경기 안산시
347837380,2,61,경기 안양시
449902741,2,60,경기 남양주시
666560308,2,58,서울 강남구
841336745,1,56,경기 고양시
951827486,1,55,서울 중구
90627392,2,55,부산 해운대구
157674952,1,64,경기 과천시
196189437,2,56,서울 중구
319247485,2,58,서울 용산구
600812909,2,62,부산 동래구
776871844,2,57,경기 안산시
434000968,2,55,경기 고양시
99126750,1,70,서울 노원구
63447869,2,72,서울 노원구
104791328,1,55,경기 하남시
189300499,2,66,경기 구리시
865294390,2,67,경기 수원시
175558690,2,59,경기 의왕시
641053502,2,63,서울 구로구
855773213,2,58,부산 사상구
966228654,2,55,서울 도봉구
595227324,1,56,서울 마포구
934233726,2,56,경기 남양주시
211047074,2,55,서울 영등포구
945495284,2,65,서울 노원구
971573077,1,69,서울 강남구
846238389,2,55,경기 고양시
438402244,2,59,경기 의정부시
366312114,2,65,경기 고양시
901122262,1,69,경기 군포시
635949429,2,67,경기 안산시
679938432,2,68,경기 안산시
877272285,2,62,서울 영등포구
218986893,2,70,경기 구리시
660947312,2,58,경기 안양시
287927197,2,63,서울 구로구
890756495,2,59,경기 안양시
111088854,2,59,경기 구리시
75409851,2,55,부산 영도구
869855430,2,67,경기 용인시
285320807,1,61,경기 고양시
936698382,2,69,경기 고양시
56009432,2,58,부산 사상구
189220303,2,58,경기 고양시
370954038,2,57,경기 안산시
296569677,2,56,경기 광주시
965305773,1,71,경기 성남시
655857667,2,67,경기 고양시
907107144,2,55,경기 포천시
141394454,2,59,경기 평택시
714817925,2,57,서울 광진구
122182101,2,62,경기 고양시
399332659,2,71,경기 남양주시
374663436,2,59,경기 남양주시
587867224,2,55,서울 강동구
985088525,2,67,경기 시흥시
362016215,2,55,경기 안산시
744776940,2,67,경기 연천군
760120482,2,56,서울 중구
510523117,2,63,서울 구로구
554754529,2,57,경기 양평군
462804142,2,63,부산 동구
926214442,2,55,경기 수원시
309522770,2,55,경기 안성시
567310151,2,58,서울 양천구
977151940,2,63,서울 송파구
278960659,2,62,부산 사상구
167734148,2,59,부산 해운대구
128424095,1,55,경기 고양시
596780720,1,58,경기 안산시
997339581,2,58,경기 화성시
490739884,2,62,경기 의정부시
859787234,2,56,경기 오산시
984519804,1,62,경기 안성시
389198055,1,62,경기 성남시
838610355,2,77,경기 고양시
766369120,2,58,서울 도봉구
735367905,2,67,서울 노원구
23093308,1,62,경기 남양주시
22020876,2,55,부산 사하구
296757367,2,65,서울 용산구
938434851,2,59,부산 사하구
138662645,2,56,경기 안양시
145278052,1,57,경기 과천시
773242044,1,74,경기 의왕시
96248399,2,55,서울 영등포구
365972452,2,56,서울 강동구
417193362,2,58,부산 해운대구
785245338,2,57,부산 해운대구
992119100,2,56,경기 화성시
457812190,2,68,경기 안산시
181532877,2,59,부산 사하구
666383039,2,58,경기 안산시
683842658,2,59,부산 동구
69518940,2,57,경기 의왕시
162640369,2,60,경기 고양시
739246962,2,59,경기 의정부시
641207150,2,66,경기 의정부시
958764585,2,55,경기 광주시
679656439,1,55,부산 사상구
100063272,2,72,부산 사상구
104610596,2,55,경기 안산시
77516149,2,65,경기 안산시
138252324,2,60,서울 강동구
387545420,1,59,서울 송파구
10775646,2,63,경기 남양주시
941459914,2,59,부산 수영구
509974083,1,67,서울 도봉구
301083112,2,56,서울 강북구
876695967,2,59,경기 군포시
283521390,1,61,부산 남구
703835675,1,55,부산 사하구
791845523,2,55,경기 안산시
45895721,2,63,경기 안산시
930895430,2,56,경기 양평군
569603078,2,64,부산 남구
904559865,2,60,서울 용산구
904066577,2,59,경기 구리시
358295952,2,63,경기 김포시
905671375,1,65,경기 성남시
883785481,1,57,경기 안양시
159107391,2,65,부산 영도구
310564956,2,62,서울 강동구
295407973,2,56,경기 평택시
472824392,2,58,서울 강서구
980426675,2,73,서울 강남구
970329604,2,65,경기 의왕시
994765391,2,59,경기 안산시
616183077,2,56,경기 안양시
457656037,1,55,서울 강동구
841581324,2,68,경기 고양시
111573990,2,60,경기 연천군
112868836,2,56,경기 안산시
821416932,1,66,서울 영등포구
909732324,2,57,경기 의정부시
264302273,2,60,경기 구리시
461511429,2,58,부산 사하구
888269318,2,64,서울 강북구
217001389,1,56,경기 광명시
446707421,2,65,서울 노원구
36597468,2,58,경기 수원시
777175251,1,57,경기 구리시
81838282,2,61,부산 수영구
617472346,2,62,경기 남양주시
669628758,2,57,경기 고양시
281648547,2,56,경기 안산시
163759008,2,55,서울 동작구
82626965,2,60,경기 안양시
286944653,1,63,경기 고양시
601824092,1,74,서울 동대문구
854514735,1,61,서울 종로구
820095200,2,55,서울 노원구
952560571,2,62,경기 의정부시
600533844,2,62,경기 안양시
14814606,2,68,경기 안양시
386326516,2,58,서울 강북구
366976516,2,55,경기 용인시
695334084,2,59,부산 영도구
922553187,2,78,경기 고양시
503191261,2,59,경기 수원시
352189121,1,58,서울 강남구
346777890,2,59,경기 화성시
36304587,2,67,서울 구로구
63552948,2,58,경기 성남시
640753550,1,66,경기 안양시
554483125,1,67,서울 강북구
656090866,2,56,경기 고양시
142848842,2,57,서울 강남구
160752288,2,64,경기 광주시
800536581,2,55,경기 안양시
208048971,1,63,서울 강서구
379663051,1,57,부산 사상구
200724538,2,57,경기 의왕시
811765044,2,71,경기 의왕시
208024312,2,63,서울 동대문구
877855508,2,61,경기 부천시
21883276,2,55,경기 과천시
196018692,2,73,경기 양주시
333291979,2,61,경기 성남시
294158125,2,55,부산 사상구
954563645,2,55,경기 안양시
600595633,2,56,부산 해운대구
383653178,2,62,서울 은평구
934656317,1,63,경기 양평군
269962352,2,63,서울 송파구
142184860,2,58,서울 송파구
753692326,2,57,경기 안산시
340218483,2,56,부산 남구
695988130,2,58,부산 강서구
328450475,1,80,경기 김포시
842083340,1,58,경기 부천시
230678144,1,62,서울 용산구
107988794,1,59,서울 용산구
401480866,1,55,경기 성남시
880038464,1,56,경기 안양시
838850871,1,66,부산 사하구
83574361,1,61,서울 송파구
961866382,1,68,경기 남양주시
547433859,2,58,서울 송파구
249737791,2,73,경기 의정부시
213366429,2,57,서울 강북구
564907498,2,68,부산 서구
42059710,2,60,서울 노원구
855357159,2,56,경기 의정부시
990466511,2,59,부산 해운대구
928980079,2,56,경기 화성시
817129061,2,60,서울 서초구
14800763,2,70,경기 의정부시
220492607,2,61,서울 서초구
664954176,2,58,부산 동구
771872512,2,73,경기 양평군
571575134,2,61,경기 수원시
995096543,2,65,경기 고양시
849889470,2,60,부산 해운대구
835726305,1,64,서울 영등포구
238252236,2,60,서울 금천구
649705913,1,70,경기 안양시
671197753,2,59,경기 파주시
354546661,2,58,경기 수원시
17804090,1,56,경기 안산시
279484704,1,57,경기 안산시
870163945,2,72,부산 동구
352539305,1,69,경기 광주시
417466176,2,56,서울 강남구
605620653,2,60,부산 해운대구
631032455,1,60,부산 사하구
631348605,1,61,서울 종로구
396058113,2,62,서울 성동구
792136668,2,56,서울 영등포구
522085481,2,55,부산 남구
171736577,2,55,서울 마포구
159886829,1,57,서울 송파구
595883106,2,58,서울 송파구
99355611,2,59,경기 성남시
270375754,1,68,경기 안양시
201899563,2,55,경기 안산시
398972294,2,65,서울 강남구
721848505,1,55,서울 노원구
478265488,2,55,서울 마포구
113965420,2,58,경기 부천시
323618340,2,57,부산 금정구
977476484,2,56,경기 안산시
263698100,2,59,부산 사하구
604893524,2,56,부산 해운대구
357177785,2,59,서울 동작구
465149135,1,58,경기 의왕시
762329822,1,61,서울 도봉구
633324189,2,61,경기 용인시
346413459,2,67,서울 송파구
715284820,2,58,경기 안산시
319752372,1,56,경기 하남시
871907309,2,57,경기 구리시
782048575,1,55,서울 은평구
395730019,1,58,경기 의정부시
471807073,2,57,서울 동대문구
556672595,1,63,서울 강서구
167606324,2,57,경기 과천시
90690654,2,56,경기 과천시
620040395,2,57,경기 용인시
894202858,2,55,경기 안양시
948887839,2,56,서울 송파구
402944653,1,56,부산 수영구
996957279,2,56,서울 송파구
461564772,2,78,서울 용산구
43166108,1,62,경기 고양시
546447201,2,55,부산 수영구
950013848,1,57,서울 강북구
821702048,2,55,경기 고양시
27638593,2,59,경기 고양시
444120706,1,60,서울 강서구
802903328,1,65,경기 안산시
6593606,2,57,서울 송파구
366532138,2,61,서울 강북구
199433295,1,81,서울 구로구
476307058,2,67,부산 동래구
866151630,1,55,서울 동대문구
9956228,1,62,서울 동대문구
156478082,2,56,서울 용산구
917795415,2,57,서울 성동구
100186748,2,58,부산 기장군
201915668,2,74,경기 고양시
177218305,1,58,서울 노원구
806006426,2,62,부산 금정구
987373582,1,63,서울 은평구
96920140,2,60,경기 고양시
152045144,2,60,부산 영도구
901286966,2,59,서울 강서구
786630728,1,59,서울 강동구
410202885,2,55,경기 고양시
175723513,2,60,경기 의정부시
734761162,2,75,부산 중구
936818603,2,56,부산 해운대구
436184278,1,59,서울 성북구
397717800,2,64,경기 의정부시
644697461,2,59,경기 안성시
584347427,2,62,서울 송파구
710540488,2,55,서울 강남구
432708035,2,78,경기 시흥시
390614979,2,56,서울 양천구
542416040,2,57,경기 안성시
53627484,2,61,서울 강남구
292261784,2,55,서울 동대문구
85090088,2,74,경기 고양시
871347093,1,59,경기 의왕시
320957564,2,55,서울 동작구
204513447,2,58,경기 수원시
631721571,2,71,서울 동대문구
790529499,2,63,서울 송파구
918148205,1,60,경기 남양주시
700751661,1,58,경기 수원시
250921556,2,58,서울 강남구
285521763,2,59,서울 강남구
576015642,2,58,경기 안산시
759983491,2,56,서울 동작구
905778481,2,67,서울 양천구
537146816,1,56,부산 북구
603898644,2,59,부산 사하구
817950226,2,55,경기 부천시
601374069,1,65,서울 서대문구
609054541,2,56,서울 성북구
234360276,2,56,경기 평택시
889394224,2,55,경기 안양시
282925551,2,60,서울 강남구
334836496,2,56,경기 고양시
366347835,2,56,경기 화성시
754491252,2,57,서울 은평구
149890215,1,55,부산 강서구
942411983,2,57,경기 화성시
1639060,1,58,경기 양주시
109777990,1,61,부산 영도구
491709688,2,55,서울 송파구
901095122,1,59,부산 동래구
242202869,2,57,서울 동대문구
89486062,2,56,경기 안산시
219269365,2,56,경기 성남시
35925339,1,56,경기 안성시
643883115,2,57,서울 송파구
918526950,1,63,서울 성북구
655839260,2,59,서울 관악구
781605364,1,63,경기 화성시
810735243,2,61,경기 화성시
942056031,1,78,서울 은평구
369117330,2,55,부산 동구
171350288,2,57,서울 서대문구
757857788,1,56,서울 송파구
712250431,2,62,서울 송파구
877896137,2,58,경기 안양시
621632342,2,56,경기 구리시
314992495,2,58,서울 동작구
968984561,2,63,경기 안양시
904207140,1,69,서울 강남구
774406229,2,55,경기 안산시
2460849,2,56,부산 사상구
973207568,2,55,경기 하남시
301437256,2,61,경기 부천시
584177284,1,57,경기 김포시
91043929,2,56,경기 시흥시
556869681,1,58,경기 하남시
942472175,2,55,서울 강북구
639013150,2,67,경기 양평군
440345458,2,59,서울 관악구
169473624,2,58,서울 강남구
521579989,2,55,경기 의왕시
186727605,2,55,서울 강남구
365244780,2,56,서울 은평구
596457166,2,61,서울 동대문구
204488478,2,57,경기 고양시
643421651,2,62,경기 부천시
60236849,2,60,부산 수영구
172119782,1,60,경기 의왕시
912478174,2,55,경기 구리시
238053322,1,58,경기 의왕시
430442055,2,59,경기 광명시
400655811,2,58,서울 강북구
387864104,2,55,서울 영등포구
183130073,2,61,부산 기장군
447145760,2,56,경기 구리시
88263783,1,62,서울 송파구
46065968,1,58,경기 고양시
668972008,1,72,서울 동대문구
922205863,2,59,경기 의정부시
585710452,2,55,경기 수원시
757369194,2,60,서울 송파구
980788594,2,55,경기 시흥시
359477939,2,74,서울 구로구
179886926,2,57,부산 해운대구
991828457,1,58,경기 안양시
967996716,2,56,서울 강북구
652427538,2,55,부산 수영구
354739461,2,55,경기 안양시
844938191,2,60,경기 안산시
164132832,2,60,서울 영등포구
336135826,2,57,경기 의정부시
217420841,2,67,경기 안산시
384063208,2,58,부산 해운대구
334214434,1,62,경기 고양시
673256724,1,58,경기 광주시
958299806,2,59,부산 해운대구
937203065,2,58,서울 영등포구
350231206,2,55,경기 성남시
518744996,2,58,서울 강동구
909359868,2,61,서울 송파구
985740264,1,60,경기 안양시
203954429,2,58,서울 서대문구
599676936,2,60,서울 광진구
142682931,2,60,경기 성남시
973281576,2,57,경기 고양시
890376411,2,67,서울 강북구
308155032,1,65,서울 송파구
99646851,2,56,부산 강서구
822778656,1,66,서울 은평구
843558475,2,55,경기 양평군
231669349,2,69,부산 동구
586518374,2,58,부산 영도구
588151645,2,55,부산 서구
138530651,2,55,서울 강동구
190007436,2,61,경기 파주시
564380353,2,60,경기 안양시
431122036,2,57,부산 부산진구
76342032,2,65,경기 안양시
56540772,2,55,경기 남양주시
497340157,2,55,서울 양천구
251281639,2,66,부산 연제구
100737001,2,75,부산 수영구
882199001,2,62,서울 도봉구
377817751,2,59,서울 동작구
704268162,2,59,경기 성남시
726040074,2,72,부산 해운대구
100610686,2,59,경기 시흥시
194628152,2,57,서울 용산구
935319771,2,62,부산 해운대구
911003022,2,72,부산 남구
21576042,2,57,경기 수원시
678861049,1,56,경기 수원시
801537353,2,60,부산 사하구
512423747,2,56,서울 강서구
241207515,2,55,경기 군포시
734568954,1,66,서울 구로구
911984519,1,73,경기 안양시
386212899,2,66,경기 시흥시
410107049,2,56,부산 사하구
589291608,2,60,경기 안양시
58405279,2,68,경기 의정부시
636966313,2,60,서울 마포구
935678416,2,56,서울 강동구
20079431,2,58,서울 강남구
683792603,1,55,서울 영등포구
584516578,1,56,부산 동래구
790695084,2,55,경기 성남시
360056359,2,69,부산 사하구
746022984,1,56,경기 부천시
797666172,2,83,부산 동래구
347101317,1,58,부산 사하구
800178346,2,56,서울 강남구
443757547,1,55,부산 영도구
467785485,2,74,부산 동래구
615666517,1,55,부산 사상구
469758474,2,58,경기 안양시
34928005,2,66,서울 서초구
948777438,1,73,경기 구리시
471945852,2,55,부산 해운대구
958139785,2,63,서울 강남구
123839838,1,55,서울 종로구
38805513,1,55,경기 의정부시
525469126,2,55,서울 강남구
50467538,2,56,부산 해운대구
163579568,2,58,경기 안산시
997894186,2,61,경기 수원시
24283371,1,63,부산 금정구
856652785,1,75,부산 기장군
697325015,2,59,경기 평택시
693993783,1,68,부산 수영구
945306321,2,71,서울 서초구
56126181,1,60,서울 동대문구
50945956,2,60,부산 사상구
138578332,2,59,부산 해운대구
814482587,1,66,경기 성남시
920706896,2,69,부산 중구
380224708,2,67,서울 영등포구
237202056,2,56,경기 안양시
525790320,2,55,부산 부산진구
329029825,2,58,경기 김포시
389488583,1,61,경기 남양주시
211063040,2,63,부산 남구
783149395,2,63,서울 송파구
633828794,2,59,서울 동작구
823492273,2,57,경기 양평군
957429206,2,68,경기 수원시
838612151,1,69,서울 영등포구
692626763,2,59,부산 해운대구
830712435,1,75,경기 성남시
723736296,2,56,경기 김포시
971633138,2,59,서울 동작구
107179508,2,68,서울 송파구
943207189,2,59,서울 강남구
408026107,1,68,부산 연제구
178206133,2,62,부산 영도구
885884060,2,59,경기 의정부시
174374955,2,57,경기 안양시
652414691,2,63,경기 과천시
32119034,2,56,서울 노원구
409668739,2,55,경기 안산시
186517977,2,55,경기 구리시
537547574,1,70,서울 강서구
926825813,2,60,부산 동래구
304577858,2,57,서울 영등포구
954761390,2,55,서울 송파구
996121692,2,59,경기 안산시
818472096,2,55,경기 용인시
72693654,1,77,서울 강서구
134554159,2,61,경기 김포시
384749528,1,71,부산 부산진구
854676523,2,59,부산 사상구
954407494,2,57,경기 시흥시
651683813,2,60,부산 사하구
227879049,2,57,서울 강서구
837633562,2,59,서울 강서구
301992034,2,64,경기 안양시
54660981,1,60,부산 강서구
616493584,2,59,경기 수원시
342053820,2,63,경기 시흥시
977012988,1,56,경기 성남시
984137367,2,62,부산 해운대구
723302562,2,66,경기 고양시
918349881,1,65,서울 송파구
649554228,2,57,경기 시흥시
736492983,2,57,경기 광주시
547749733,2,69,서울 양천구
958927072,2,74,부산 연제구
604096448,2,61,부산 연제구
989469599,1,73,서울 강남구
12065995,1,64,서울 양천구
595868543,1,79,부산 사상구
102244341,2,60,경기 성남시
266563031,2,56,서울 은평구
827558411,2,56,경기 고양시
487301928,1,59,부산 해운대구
110046631,2,55,경기 고양시
612468362,2,61,서울 구로구
509817269,2,77,서울 강동구
905847512,2,55,서울 서초구
995969543,2,76,경기 고양시
110444654,2,59,경기 남양주시
898333612,2,57,부산 해운대구
569834461,2,57,경기 김포시
651102220,2,60,경기 과천시
196379565,2,63,부산 해운대구
667392447,1,55,경기 수원시
832793446,2,57,경기 안양시
431389908,2,55,서울 동대문구
675781015,2,61,서울 도봉구
503932225,1,58,서울 영등포구
662342609,2,56,서울 강남구
58280972,1,58,서울 노원구
982060824,2,66,부산 해운대구
420895732,1,70,경기 수원시
962214126,2,56,서울 강서구
764898315,2,61,경기 고양시
590071315,2,58,경기 남양주시
269708567,2,64,서울 성북구
289543759,2,72,경기 구리시
427182864,2,56,서울 용산구
768749383,2,65,경기 고양시
997767998,2,60,부산 금정구
887481920,2,56,경기 군포시
401461455,2,55,서울 강동구
781788111,2,60,경기 남양주시
84720043,2,55,부산 동래구
753532124,2,55,경기 안양시
503964062,2,56,서울 강서구
739645636,1,59,부산 부산진구
461781624,2,61,서울 동대문구
788945502,2,60,경기 고양시
941629367,2,63,경기 고양시
425293912,2,61,경기 하남시
102971079,2,58,서울 동대문구
845742631,2,59,경기 안산시
955891265,2,56,경기 안산시
497251031,2,57,경기 안산시
206735133,1,57,경기 시흥시
3600570,2,55,부산 사하구
224950010,1,77,경기 안양시
248764419,2,62,서울 마포구
664564421,2,59,서울 강서구
546305529,1,57,경기 광주시
964367033,2,62,경기 화성시
344869543,1,59,경기 안산시
53138164,1,55,부산 해운대구
991027227,2,55,경기 의정부시
507197697,2,55,경기 양평군
841239537,2,55,경기 부천시
564785156,2,67,경기 성남시
902896448,2,56,서울 서초구
605854222,1,80,부산 동래구
42091629,2,58,부산 해운대구
97258772,2,56,경기 수원시
839996359,2,58,경기 안양시
418942301,2,55,서울 강북구
798498196,2,60,경기 안산시
699403176,2,68,서울 송파구
247222688,2,58,서울 마포구
710518692,1,55,서울 송파구
431563594,2,56,서울 송파구
544918745,2,57,경기 고양시
791691392,2,60,경기 남양주시
84847923,1,57,경기 화성시
698011199,2,58,서울 송파구
577735491,1,72,경기 부천시
122817744,1,56,경기 시흥시
70767899,2,58,서울 동대문구
781931224,1,57,경기 양주시
167545420,1,55,서울 강남구
273366348,2,71,부산 해운대구
664594289,1,61,부산 사하구
282202756,1,56,경기 안산시
264132067,2,73,경기 수원시
283942090,1,68,부산 사하구
238488115,2,61,부산 서구
972179787,1,58,경기 안양시
979748891,1,56,부산 부산진구
957942973,2,56,서울 강서구
535246535,1,58,부산 해운대구
616989649,1,57,경기 부천시
441809496,2,58,경기 성남시
518683555,1,55,부산 강서구
240065287,2,68,서울 동작구
333034545,2,60,경기 안산시
204048156,2,64,부산 금정구
860527035,2,58,서울 구로구
253014959,2,61,부산 사하구
63047953,2,64,부산 금정구
903623506,2,60,서울 양천구
713893075,2,58,서울 양천구
797822538,2,70,서울 중구
228084426,2,71,경기 고양시
626779113,2,59,경기 안산시
333858856,1,61,경기 안산시
519923990,2,76,서울 영등포구
784687294,2,58,경기 군포시
414682675,1,61,서울 송파구
606562321,1,64,부산 동구
348212086,2,65,경기 고양시
951054349,1,74,서울 영등포구
871657336,1,57,부산 북구
61449674,2,56,경기 평택시
289385145,2,55,서울 동대문구
758233995,2,62,경기 고양시
434029541,2,55,서울 용산구
460516780,2,55,서울 양천구
540183229,2,57,서울 송파구
337490420,2,55,경기 의왕시
309377947,2,61,부산 영도구
26697236,1,60,경기 성남시
126265238,1,59,경기 안양시
953876908,2,57,경기 안양시
40437309,1,59,경기 남양주시
634865636,1,66,서울 강서구
593611815,2,57,경기 용인시
147766474,1,57,서울 동작구
917170536,2,55,서울 노원구
249019239,2,66,경기 평택시
573470618,2,62,경기 성남시
483740571,1,56,서울 송파구
254480343,1,57,경기 용인시
389639198,1,59,부산 영도구
223906725,2,55,서울 강서구
993496936,2,64,부산 금정구
864795603,2,62,경기 시흥시
950355651,2,57,경기 안산시
627561064,2,57,부산 남구
551048439,2,65,경기 성남시
882550669,2,56,경기 용인시
975439517,1,61,서울 서초구
898249433,1,58,경기 평택시
484719644,2,56,경기 수원시
503171499,1,77,서울 마포구
685147098,2,56,경기 시흥시
818181076,1,60,부산 수영구
234441506,2,63,부산 사하구
961791726,2,63,서울 강서구
293033160,2,58,경기 수원시
634438222,2,66,부산 사하구
256786566,2,67,부산 영도구
110335934,2,55,경기 수원시
298021720,1,79,경기 양평군
634229447,1,59,서울 영등포구
506047370,2,55,경기 안산시
447099392,2,58,경기 하남시
53781902,2,58,부산 수영구
785820525,2,64,부산 수영구
838690472,1,59,서울 강남구
443566512,2,58,부산 남구
526976611,1,56,부산 영도구
679294987,2,60,부산 기장군
353485289,2,55,서울 서대문구
165894080,1,56,부산 남구
776454729,1,64,부산 해운대구
622328725,2,58,경기 과천시
952762816,2,63,서울 서대문구
919447048,1,60,경기 광주시
824520562,1,57,경기 부천시
482195162,2,59,서울 구로구
414073063,1,60,서울 동대문구
759337102,1,55,경기 안양시
151353636,2,57,경기 부천시
144300733,2,57,부산 영도구
455677453,2,72,부산 영도구
753842494,1,56,경기 성남시
751641463,1,58,서울 도봉구
771437952,2,59,서울 동대문구
655602711,1,55,서울 마포구
839688512,1,68,경기 고양시
580127048,2,56,경기 고양시
840752539,2,57,경기 의왕시
173748069,2,57,서울 강남구
203205663,2,58,경기 파주시
915379639,2,55,부산 사상구
265161809,2,66,서울 강남구
817501164,2,58,부산 동구
811739315,2,55,서울 동대문구
784355684,2,55,서울 서대문구
102564861,1,66,서울 강남구
578226715,1,56,서울 영등포구
772761481,1,77,부산 사하구
539032107,1,60,경기 고양시
598801471,2,55,경기 김포시
727466859,2,73,서울 은평구
292307603,1,64,부산 영도구
834195084,2,60,부산 해운대구
959351337,2,75,경기 안양시
298787383,2,58,부산 중구
572073879,2,61,서울 동작구
659792342,2,55,경기 군포시
160560327,2,69,부산 중구
704122094,2,56,서울 강남구
935586132,2,55,경기 부천시
725655573,1,60,부산 사하구
495304198,2,59,부산 사하구
249621278,2,57,경기 양평군
803069658,2,61,경기 의왕시
59424126,2,55,경기 안산시
582784953,2,57,경기 의정부시
505309436,2,68,부산 해운대구
836053857,2,59,서울 송파구
446324144,2,60,서울 노원구
639982360,2,56,경기 고양시
244729489,2,58,서울 송파구
153058988,2,67,서울 동작구
459136227,2,63,부산 영도구
789831918,2,55,부산 영도구
894915616,2,55,서울 강남구
247305201,2,67,부산 영도구
245808835,2,56,서울 마포구
309912307,2,56,부산 영도구
991558167,2,55,서울 은평구
34691497,2,77,부산 서구
567367825,2,69,부산 영도구
944159239,2,56,부산 영도구
293165277,1,60,경기 의정부시
314814664,2,72,서울 강동구
614499035,2,57,서울 중구
894868825,2,60,경기 하남시
434631728,2,56,서울 강남구
760242812,1,57,경기 화성시
694487716,2,57,경기 안양시
809082865,2,58,부산 사상구
41423690,1,56,경기 안양시
357277298,1,58,부산 남구
459734645,2,56,서울 중랑구
474438881,2,62,경기 안양시
491491066,1,68,경기 안양시
486911036,1,73,서울 금천구
100674265,2,60,서울 중랑구
316605170,2,57,서울 동대문구
381889342,1,67,부산 영도구
92778647,1,57,서울 강동구
577644008,2,57,경기 시흥시
824269833,2,60,서울 송파구
630099073,1,57,경기 수원시
580993048,1,69,경기 시흥시
201247807,1,67,경기 구리시
297963899,2,58,경기 광주시
553511051,2,56,서울 양천구
872835786,2,55,서울 강서구
346311467,2,58,서울 양천구
263384133,1,60,부산 동래구
635453157,1,71,부산 북구
255854504,2,57,서울 송파구
301300792,2,60,서울 동대문구
876204259,1,58,서울 강남구
775521227,2,64,부산 연제구
716115021,2,62,경기 고양시
487943636,2,58,경기 고양시
874609030,2,57,부산 사상구
945124573,2,60,경기 의정부시
16394596,1,65,서울 동대문구
905257671,2,56,서울 서대문구
423529385,2,68,경기 고양시
78708731,2,56,경기 안양시
599666916,1,59,경기 의왕시
64089885,1,55,서울 노원구
486598425,2,60,부산 동래구
194566194,2,55,부산 부산진구
933412508,1,76,서울 성동구
152351973,2,58,경기 고양시
899323197,1,57,경기 남양주시
406502232,2,60,서울 강북구
629661461,1,65,경기 고양시
490139186,2,55,경기 수원시
390866202,2,56,경기 안산시
773143378,2,64,부산 북구
961917594,2,75,경기 남양주시
422767411,1,55,서울 관악구
982424514,2,56,경기 부천시
956656706,2,61,경기 부천시
373489083,1,59,부산 남구
532934737,2,57,경기 구리시
312549325,2,77,경기 부천시
638674268,2,63,부산 사상구
954726966,2,55,경기 양평군
995467845,1,62,경기 부천시
607367968,2,62,서울 강남구
611383772,2,65,경기 부천시
731486224,2,55,경기 안산시
746784979,2,57,경기 안양시
413307982,2,65,경기 시흥시
581425810,2,56,경기 안산시
756338747,2,60,경기 부천시
918606447,2,77,부산 남구
838259845,2,64,부산 수영구
950118276,2,60,경기 시흥시
301162993,1,68,부산 해운대구
102464478,1,55,경기 부천시
812989174,2,56,경기 안산시
301399201,1,60,경기 고양시
517956536,2,59,경기 수원시
345078047,2,67,경기 안산시
921476330,2,58,경기 부천시
846019994,1,70,부산 영도구
867904002,2,69,서울 송파구
850398719,2,68,경기 구리시
480655683,2,62,경기 고양시
595448721,2,60,경기 고양시
511363131,2,55,경기 부천시
42586748,1,57,부산 동구
478467135,1,56,경기 시흥시
413875303,2,76,경기 수원시
61156755,2,65,서울 송파구
362711228,2,60,경기 고양시
972976570,2,60,경기 안양시
598242828,2,57,경기 고양시
652819166,1,57,경기 고양시
889083208,2,55,경기 부천시
195450177,2,62,서울 송파구
250178231,1,56,부산 해운대구
982871513,1,55,경기 남양주시
763296357,2,55,경기 안산시
133055509,1,61,경기 하남시
838875359,1,55,경기 수원시
83065535,2,64,서울 강북구
51544490,2,57,경기 성남시
375171923,2,60,경기 하남시
362804054,2,59,서울 강남구
857866060,2,55,경기 의왕시
241674655,1,61,경기 안양시
513103197,2,55,서울 강서구
803418820,2,56,서울 광진구
463669817,1,56,경기 부천시
975770992,2,58,경기 화성시
8270706,2,63,서울 송파구
848836855,2,60,경기 부천시
684250454,2,56,경기 안산시
505557638,2,55,서울 양천구
931832172,2,61,서울 동대문구
846708612,2,56,서울 용산구
866374182,2,58,경기 광주시
499208875,2,61,경기 광명시
868952210,1,59,경기 고양시
720076727,1,61,경기 이천시
799860055,2,83,경기 시흥시
313533816,2,57,경기 고양시
358615144,1,58,경기 광주시
324687500,2,58,경기 안양시
379083960,2,59,서울 송파구
58729609,1,56,경기 수원시
124256305,1,64,경기 고양시
141432105,2,66,경기 김포시
740125207,2,57,서울 중랑구
436071844,2,59,서울 노원구
567240421,2,58,경기 고양시
728201499,1,57,경기 수원시
582131565,2,59,경기 성남시
807240569,2,55,경기 용인시
464430264,1,57,부산 해운대구
506406543,1,66,서울 동대문구
843987145,1,56,서울 영등포구
817118395,2,56,서울 송파구
183577959,2,55,경기 화성시
761715571,1,73,서울 마포구
400327871,1,62,서울 동작구
832572751,2,66,서울 구로구
513635898,2,68,경기 포천시
913366329,2,57,부산 서구
819811846,2,58,경기 구리시
851731850,2,63,경기 시흥시
490150104,2,56,경기 안양시
454380123,1,63,경기 시흥시
327691810,1,74,서울 동대문구
413259091,2,61,서울 동대문구
616289728,2,55,서울 구로구
901853630,2,57,경기 수원시
514949144,2,57,부산 서구
8920847,1,65,서울 송파구
481102640,2,56,부산 동래구
841581133,1,65,경기 부천시
568107974,1,57,서울 양천구
912198385,2,63,서울 강서구
862639258,2,77,경기 고양시
282907378,1,74,서울 강북구
269723864,1,65,서울 은평구
898794625,2,56,서울 송파구
566416445,2,59,경기 남양주시
722047153,1,63,부산 수영구
118999834,1,59,경기 파주시
894526443,2,68,경기 부천시
259879305,2,57,경기 수원시
877137802,2,59,경기 광명시
242242170,2,71,경기 용인시
883755783,2,59,경기 안양시
969110641,2,59,서울 강서구
140349107,1,63,경기 양평군
954763287,2,77,서울 종로구
737087836,1,55,경기 의정부시
72318200,1,72,경기 가평군
153232506,2,67,경기 안산시
129829105,2,55,경기 안양시
306690788,2,72,경기 수원시
382524561,2,56,서울 강서구
29606401,2,56,서울 송파구
799977248,1,73,부산 사하구
429224548,2,57,부산 영도구
902488270,2,56,부산 사상구
82883491,1,63,경기 시흥시
871558923,2,56,경기 고양시
72241772,2,59,경기 남양주시
361179436,2,55,서울 용산구
889341194,2,60,서울 서대문구
483768816,2,55,경기 안산시
435683976,1,63,경기 양평군
562064758,1,69,경기 남양주시
819085853,2,58,경기 안산시
927058723,2,64,경기 수원시
573184772,2,59,부산 사하구
13982118,1,68,경기 수원시
217117877,2,55,서울 서초구
511983026,2,71,부산 수영구
112310685,2,58,경기 이천시
212568702,2,66,서울 동작구
662490088,1,73,경기 수원시
818812845,1,74,경기 김포시
172177660,2,65,경기 의왕시
334566046,1,62,경기 광명시
407716962,2,66,부산 영도구
95636005,1,56,경기 안산시
226266824,2,68,서울 서대문구
373605112,2,55,서울 강남구
606967136,2,56,서울 강남구
818769268,2,57,부산 해운대구
516127173,1,69,서울 중랑구
37383100,2,56,서울 노원구
749974064,2,64,부산 사하구
838867026,1,70,경기 화성시
30070649,2,67,부산 영도구
385371598,1,75,서울 용산구
199094778,2,60,서울 동대문구
427510685,2,72,서울 용산구
381014376,1,58,경기 부천시
316481236,1,57,부산 동구
249756955,2,64,서울 용산구
383197185,1,55,서울 중랑구
541529786,2,60,부산 해운대구
38498675,2,62,서울 양천구
963273965,2,68,경기 화성시
834456353,1,67,서울 강남구
48316726,2,55,경기 의정부시
562951752,2,56,경기 수원시
706641669,1,56,부산 북구
669344224,1,71,경기 수원시
445467472,2,60,부산 사하구
262863674,2,69,경기 안양시
134211503,2,56,부산 해운대구
545516609,1,57,부산 금정구
365257898,2,58,경기 안양시
670726302,2,56,경기 광명시
326843610,1,80,부산 해운대구
73311297,1,61,서울 노원구
634232871,2,80,서울 성동구
812662179,1,62,서울 중랑구
508239267,2,58,부산 동래구
856640017,1,59,서울 광진구
235431655,2,57,경기 수원시
386490669,2,65,부산 영도구
797657091,2,64,서울 강남구
813936386,2,61,서울 송파구
84182058,2,61,서울 영등포구
939807597,2,65,부산 부산진구
298166842,2,65,부산 사하구
184344024,2,56,경기 의왕시
393017843,1,62,경기 파주시
627500093,1,63,서울 동작구
349987781,2,57,부산 해운대구
314705841,2,58,경기 부천시
808438910,1,60,경기 광주시
401727318,1,55,경기 고양시
435729948,2,60,서울 강서구
685168263,2,61,경기 수원시
803973887,2,59,서울 종로구
901288298,2,60,경기 양평군
461357753,2,59,경기 부천시
658177316,2,55,부산 영도구
275733607,2,57,서울 영등포구
970088033,2,57,경기 수원시
536561300,2,75,경기 안양시
626865689,1,63,경기 남양주시
233482316,2,60,부산 해운대구
714208687,1,56,부산 영도구
275937932,2,57,부산 해운대구
487482414,2,55,서울 동작구
684451115,2,60,부산 동구
961036809,1,69,경기 수원시
438178333,1,56,경기 파주시
466271545,1,61,경기 안산시
111868626,2,58,서울 중구
235825650,1,71,서울 노원구
695410644,2,57,부산 부산진구
47455120,1,55,서울 영등포구
529055664,1,62,서울 송파구
741463,1,78,서울 동대문구
949072149,2,62,경기 구리시
64590001,2,56,경기 성남시
560864916,1,62,부산 부산진구
617577192,1,55,경기 안산시
579825671,2,75,경기 고양시
223146124,2,59,서울 송파구
654239036,2,62,부산 사하구
692774422,2,67,경기 남양주시
701303716,2,64,서울 관악구
639541997,1,58,서울 서초구
379535580,2,57,경기 안양시
122822499,2,61,경기 안양시
8525626,1,56,경기 안산시
50659499,2,55,경기 부천시
259994055,2,68,경기 안양시
270357025,1,81,경기 수원시
678290849,1,56,부산 사하구
562073125,2,84,경기 수원시
259468781,2,57,경기 고양시
98948437,1,61,경기 고양시
763737703,1,61,경기 부천시
495224504,2,56,서울 강북구
741655212,1,69,경기 성남시
635816454,1,60,경기 의왕시
662316568,2,56,부산 수영구
235288180,1,56,경기 양평군
736090853,1,63,부산 사하구
467796247,1,77,서울 중구
1310410,2,69,서울 마포구
809160259,2,55,서울 강서구
636757827,2,55,서울 강서구
717450164,1,62,부산 영도구
877559042,2,56,서울 관악구
19904617,2,57,경기 성남시
160384581,2,56,서울 강서구
764821049,2,62,부산 해운대구
501922469,1,75,경기 김포시
856456319,2,57,부산 해운대구
939028024,1,62,경기 용인시
288960097,1,56,서울 노원구
195984974,1,59,부산 사상구
295885044,1,58,서울 동작구
470441843,1,56,경기 고양시
195217155,2,76,서울 동대문구
733456208,2,64,서울 강서구
290167625,2,55,부산 영도구
697858762,2,60,서울 강서구
337197104,2,74,서울 강남구
427741548,2,59,서울 영등포구
925696369,1,76,경기 광주시
624006990,2,58,경기 안양시
867765599,2,58,경기 안산시
840952311,2,55,서울 동작구
208465295,1,69,부산 수영구
237826224,2,66,경기 성남시
675215557,2,57,서울 노원구
812403221,2,62,부산 해운대구
243520364,2,61,경기 광주시
354344556,2,75,경기 안산시
639482785,1,66,경기 성남시
891680952,2,68,부산 남구
306149508,2,56,경기 안양시
769370515,2,67,서울 송파구
709589924,2,67,부산 동래구
509126185,1,56,서울 은평구
318092605,1,60,경기 용인시
289371769,2,58,서울 노원구
713178384,2,59,서울 강북구
458219204,2,58,부산 사상구
706429381,2,56,서울 강동구
839648595,2,61,경기 남양주시
638536145,1,74,경기 안양시
826464358,2,58,경기 평택시
567081866,2,55,부산 해운대구
313453890,2,57,경기 안양시
703091715,2,57,경기 안양시
213556230,1,66,서울 서초구
776450169,1,56,서울 서대문구
10116479,1,74,부산 부산진구
682774833,1,68,경기 구리시
733678221,2,55,부산 기장군
14618211,2,67,서울 용산구
793845341,2,63,경기 안양시
372411391,1,61,부산 해운대구
448915375,2,55,부산 동구
534341774,2,56,경기 고양시
183442614,2,61,경기 고양시
143853908,1,58,경기 과천시
20601850,2,55,부산 동래구
962281126,2,79,서울 용산구
802450410,2,55,서울 중구
698745841,2,62,경기 성남시
780391239,1,63,경기 부천시
15091165,1,66,부산 해운대구
955007680,1,63,서울 노원구
613655736,2,62,서울 강서구
171766018,1,59,경기 화성시
900889158,1,55,부산 해운대구
432836766,1,72,경기 양평군
21012332,1,55,서울 양천구
223547359,1,56,경기 양평군
618519327,1,56,경기 안양시
461367707,2,56,경기 화성시
309449903,1,59,서울 동대문구
109632005,2,55,경기 부천시
300478172,1,70,경기 의정부시
411590157,2,67,부산 사하구
510327099,1,56,경기 수원시
832502083,2,58,서울 용산구
632089128,1,55,부산 강서구
365078308,2,56,경기 안양시
646618854,2,69,서울 은평구
606719491,2,63,경기 안산시
616110874,2,70,부산 수영구
924509616,2,56,경기 안산시
369666835,1,65,서울 동대문구
415047683,2,57,서울 강서구
949019870,1,79,경기 성남시
93058936,2,56,경기 군포시
70184680,1,60,경기 수원시
804698413,2,76,서울 은평구
470929912,1,61,서울 동대문구
986323273,2,64,경기 남양주시
509403363,2,65,경기 고양시
903342630,2,55,서울 서초구
679339798,1,62,부산 중구
260594033,2,55,경기 성남시
951584804,2,55,경기 성남시
628262924,2,57,서울 서초구
348893581,1,64,서울 용산구
802566735,2,64,경기 안양시
913032221,2,61,경기 광주시
443853048,1,56,경기 안산시
179119741,2,65,서울 관악구
270414824,2,55,서울 노원구
805027814,2,57,서울 용산구
164549473,2,57,경기 안양시
810326466,2,62,서울 중구
400081979,2,57,경기 부천시
126417082,1,64,서울 금천구
435699385,2,56,경기 수원시
941222787,1,74,경기 군포시
111995610,2,57,부산 사상구
630007690,1,61,서울 강남구
140737745,1,58,경기 군포시
959466588,2,58,서울 영등포구
287341160,1,61,서울 강남구
320823446,2,69,서울 동대문구
142798789,1,56,서울 강동구
23205551,2,55,서울 용산구
787240185,2,79,서울 강서구
492389862,2,77,경기 용인시
76663252,2,75,서울 구로구
71163957,2,72,서울 성동구
552054248,2,69,서울 은평구
962282865,2,68,서울 중구
909130632,2,65,서울 송파구
777831330,2,63,경기 과천시
821837989,2,63,서울 은평구
273463845,2,60,서울 송파구
496979349,2,60,서울 강서구
909877789,2,59,서울 성동구
775465482,2,59,서울 서초구
486422175,2,57,서울 강남구
834267023,2,55,부산 연제구
348592085,2,55,경기 구리시
720141906,2,56,서울 송파구
522549235,2,69,서울 서대문구
856707624,1,70,경기 안산시
334353949,2,56,경기 군포시
643279402,2,56,경기 성남시
9568145,2,56,부산 부산진구
653854970,2,59,경기 파주시
777274083,2,58,경기 군포시
936405992,1,65,서울 강서구
851770699,2,57,부산 부산진구
944503761,2,64,부산 사하구
311639870,2,58,부산 부산진구
390818445,2,83,경기 안산시
722564999,2,58,부산 부산진구
917245663,1,77,경기 안양시
928069755,1,55,부산 해운대구
233245047,1,63,경기 화성시
462806528,2,58,서울 송파구
263732370,2,57,부산 해운대구
840509129,2,56,서울 광진구
272363202,2,56,경기 부천시
456108195,2,58,부산 중구
364653519,2,68,서울 송파구
489780146,1,57,서울 송파구
761451151,1,59,경기 안성시
234604329,1,56,부산 금정구
674161170,2,60,서울 구로구
123274999,2,66,서울 동작구
885637424,1,57,경기 안양시
770128706,2,59,경기 남양주시
322724624,2,61,서울 강동구
680004820,2,65,부산 연제구
27790610,1,69,경기 평택시
341091339,2,56,서울 구로구
712079895,2,55,부산 사상구
650892722,1,61,부산 수영구
788699436,2,60,경기 하남시
863909650,2,57,부산 수영구
379352342,1,56,경기 용인시
774077969,2,73,경기 성남시
440102296,1,63,경기 안산시
196508355,1,63,경기 양평군
551991061,2,62,경기 양평군
969604757,1,61,경기 안양시
939848630,1,59,서울 노원구
504205534,2,71,서울 양천구
295973012,1,59,서울 종로구
211825374,2,60,경기 안양시
12384212,1,77,서울 서대문구
647444672,1,62,부산 수영구
881718184,2,75,서울 동작구
675478557,2,68,경기 광주시
922097849,1,55,경기 양평군
470437525,2,66,부산 해운대구
729345042,2,58,서울 양천구
442906924,2,60,서울 성북구
490099936,2,59,서울 용산구
677678544,1,61,경기 파주시
281877334,2,60,경기 용인시
379207504,2,55,경기 안양시
930810765,2,55,부산 부산진구
235392104,2,63,경기 의정부시
838137778,1,59,서울 동대문구
431851403,1,60,경기 양평군
617587639,1,70,경기 양평군
175105668,1,57,서울 동작구
692833664,2,57,부산 연제구
272674867,1,61,경기 안산시
643668953,2,57,경기 성남시
780054557,2,64,부산 남구
105604049,2,61,부산 수영구
909387649,2,68,부산 해운대구
393621225,2,61,부산 해운대구
8816875,2,74,부산 사상구
689013385,2,57,경기 안양시
17985665,1,56,경기 동두천시
904068133,1,55,경기 과천시
7461141,1,60,경기 화성시
900419110,1,55,경기 고양시
767468609,2,60,서울 동작구
255155549,2,59,경기 안산시
86418045,2,64,서울 동대문구
512347819,2,60,부산 연제구
44488999,2,56,경기 안양시
806781930,2,69,서울 강북구
893751652,1,70,경기 남양주시
11659398,2,60,경기 의정부시
67084167,2,60,서울 동작구
356229526,1,59,경기 안산시
149110465,2,56,경기 안양시
214185563,2,56,경기 안양시
686626065,1,59,경기 안양시
992364129,2,71,서울 서초구
44642972,1,60,부산 영도구
177127913,1,71,서울 동대문구
992261300,2,56,경기 고양시
774854456,2,65,서울 강서구
799871346,2,58,경기 안산시
943404946,2,55,서울 서초구
758750829,1,56,부산 연제구
608199653,2,62,경기 안양시
393676730,1,58,서울 중구
439625214,1,60,경기 안산시
721900188,1,60,서울 강북구
821832964,2,55,경기 의왕시
931513034,1,61,경기 양평군
899814283,1,55,부산 해운대구
28685855,2,56,서울 영등포구
595251402,2,57,경기 남양주시
154316077,2,58,부산 수영구
110965236,2,56,부산 영도구
168265199,1,59,경기 성남시
469409165,2,61,부산 남구
516971216,2,55,부산 서구
936784434,2,64,부산 영도구
15277173,2,55,경기 부천시
641033957,2,67,경기 화성시
33634264,2,64,서울 강서구
27686415,2,63,경기 안산시
965603650,2,66,부산 서구
540746044,1,56,경기 부천시
677130914,2,57,경기 고양시
303372596,1,60,경기 김포시
890963275,2,65,부산 남구
175401086,2,59,부산 해운대구
205140618,2,59,서울 강동구
222401812,2,57,서울 강동구
28950127,1,66,경기 광주시
169055900,2,55,경기 수원시
213913709,2,56,경기 수원시
452828512,2,68,경기 시흥시
235644937,2,60,서울 양천구
233736209,2,64,서울 동대문구
32885432,1,58,부산 기장군
437860713,2,63,서울 동대문구
955490791,2,66,경기 광주시
924755341,1,67,부산 사하구
442753813,2,59,경기 안양시
282662947,1,58,경기 구리시
701896404,1,59,부산 부산진구
975367130,2,61,경기 안양시
951172087,2,70,부산 동구
968853433,1,59,서울 양천구
459301143,1,58,부산 북구
46920933,2,55,경기 용인시
457550835,2,55,경기 안산시
580513276,2,74,경기 시흥시
597540586,2,60,부산 영도구
202665831,2,70,경기 안산시
7147192,2,56,서울 동대문구
624672764,2,58,경기 수원시
419003739,1,60,서울 송파구
598545098,2,61,부산 동구
473266991,2,69,서울 강서구
678387681,1,68,서울 관악구
513510565,1,55,서울 서대문구
722770567,2,56,경기 의왕시
249857231,1,55,경기 수원시
160607028,1,76,경기 부천시
657285731,1,61,경기 수원시
257825183,1,61,부산 남구
330939633,2,60,경기 안양시
32775267,2,58,경기 김포시
958290794,1,59,경기 양평군
178814218,1,56,서울 용산구
645668560,2,57,서울 영등포구
43746618,1,58,경기 부천시
831639259,1,71,서울 강남구
649789071,2,70,부산 해운대구
524493815,2,61,부산 수영구
765568307,1,69,부산 수영구
748888960,2,57,경기 수원시
118963032,2,59,부산 부산진구
164097706,1,67,경기 안양시
154314532,1,66,부산 사하구
416998709,1,59,경기 수원시
168692065,2,63,경기 안양시
955481370,2,58,경기 의왕시
821581510,2,64,경기 안양시
