"","서적명","sum_sales","순위"
"1",1,0,162
"2",2,0,162
"3",3,0,162
"4",6,0,162
"5",7,0,162
"6",8,0,162
"7",9,0,162
"8",10,0,162
"9",11,0,162
"10",13,0,162
"11",14,0,162
"12",15,0,162
"13",16,0,162
"14",17,17000,159
"15",19,0,162
"16",20,0,162
"17",21,0,162
"18",22,0,162
"19",23,0,162
"20",24,0,162
"21",25,0,162
"22",26,0,162
"23",27,0,162
"24",28,0,162
"25",29,0,162
"26",30,0,162
"27",31,0,162
"28",32,0,162
"29",33,0,162
"30",34,0,162
"31",35,0,162
"32",36,0,162
"33",37,0,162
"34",38,0,162
"35",39,0,162
"36",40,0,162
"37",41,0,162
"38",42,0,162
"39",43,0,162
"40",44,0,162
"41",45,0,162
"42",46,0,162
"43",47,0,162
"44",48,0,162
"45",49,0,162
"46",50,0,162
"47",51,0,162
"48",52,0,162
"49",53,0,162
"50",54,0,162
"51",55,0,162
"52",56,0,162
"53",57,0,162
"54",58,0,162
"55",59,0,162
"56",60,0,162
"57",61,0,162
"58",62,0,162
"59",63,0,162
"60",64,0,162
"61",68,0,162
"62",69,0,162
"63",70,0,162
"64",71,0,162
"65",72,0,162
"66",73,0,162
"67",74,0,162
"68",75,0,162
"69",76,0,162
"70",77,0,162
"71",78,0,162
"72",82,0,162
"73",83,0,162
"74",85,0,162
"75",89,18863625,106
"76",90,179154500,55
"77",91,65430875,77
"78",92,102634100,71
"79",103,0,162
"80",104,0,162
"81",107,0,162
"82",108,0,162
"83",109,0,162
"84",110,769250,144
"85",111,0,162
"86",112,0,162
"87",117,0,162
"88",118,0,162
"89",121,0,162
"90",122,0,162
"91",123,0,162
"92",128,3336250,133
"93",129,0,162
"94",130,0,162
"95",131,0,162
"96",132,0,162
"97",133,0,162
"98",134,0,162
"99",135,2782900,134
"100",136,0,162
"101",137,0,162
"102",138,0,162
"103",139,0,162
"104",140,0,162
"105",141,0,162
"106",142,0,162
"107",143,0,162
"108",144,0,162
"109",145,0,162
"110",146,0,162
"111",147,0,162
"112",148,0,162
"113",149,0,162
"114",150,0,162
"115",151,0,162
"116",152,0,162
"117",153,0,162
"118",154,0,162
"119",155,0,162
"120",156,892925,143
"121",157,0,162
"122",158,0,162
"123",160,0,162
"124",161,0,162
"125",162,0,162
"126",163,0,162
"127",164,0,162
"128",166,0,162
"129",168,0,162
"130",169,0,162
"131",170,0,162
"132",171,0,162
"133",172,0,162
"134",178,0,162
"135",184,0,162
"136",185,0,162
"137",186,0,162
"138",187,0,162
"139",188,0,162
"140",189,248353000,48
"141",190,2061250,137
"142",191,0,162
"143",192,0,162
"144",193,0,162
"145",195,0,162
"146",198,0,162
"147",199,0,162
"148",200,0,162
"149",201,0,162
"150",206,0,162
"151",207,418472000,40
"152",211,0,162
"153",212,0,162
"154",213,0,162
"155",214,0,162
"156",215,0,162
"157",216,0,162
"158",217,0,162
"159",218,0,162
"160",219,0,162
"161",220,0,162
"162",221,0,162
"163",222,0,162
"164",223,0,162
"165",224,0,162
"166",225,43309625,87
"167",226,0,162
"168",228,0,162
"169",229,0,162
"170",230,0,162
"171",231,0,162
"172",232,0,162
"173",233,0,162
"174",234,0,162
"175",235,0,162
"176",238,0,162
"177",239,0,162
"178",241,0,162
"179",244,0,162
"180",245,0,162
"181",246,0,162
"182",247,0,162
"183",248,0,162
"184",249,0,162
"185",250,0,162
"186",251,0,162
"187",252,0,162
"188",254,0,162
"189",255,0,162
"190",256,259250,151
"191",259,0,162
"192",263,0,162
"193",264,0,162
"194",265,0,162
"195",272,0,162
"196",275,0,162
"197",276,0,162
"198",277,0,162
"199",280,0,162
"200",281,0,162
"201",282,0,162
"202",283,0,162
"203",284,0,162
"204",285,0,162
"205",286,0,162
"206",287,3249017475,21
"207",289,0,162
"208",290,3865328250,16
"209",291,12038401250,10
"210",293,0,162
"211",294,0,162
"212",298,0,162
"213",299,0,162
"214",300,0,162
"215",301,0,162
"216",302,0,162
"217",303,0,162
"218",304,0,162
"219",305,0,162
"220",306,0,162
"221",308,0,162
"222",310,0,162
"223",311,0,162
"224",314,0,162
"225",316,0,162
"226",321,0,162
"227",323,0,162
"228",325,0,162
"229",326,0,162
"230",327,0,162
"231",328,0,162
"232",329,0,162
"233",330,0,162
"234",331,0,162
"235",332,0,162
"236",338,13379850,108
"237",342,527611150,37
"238",343,23412400,99
"239",344,0,162
"240",345,0,162
"241",346,0,162
"242",348,0,162
"243",349,0,162
"244",350,0,162
"245",351,0,162
"246",352,0,162
"247",353,0,162
"248",355,0,162
"249",357,0,162
"250",358,0,162
"251",359,0,162
"252",360,0,162
"253",361,8674250,118
"254",362,0,162
"255",363,0,162
"256",364,0,162
"257",365,0,162
"258",366,0,162
"259",367,0,162
"260",368,0,162
"261",371,0,162
"262",372,0,162
"263",374,0,162
"264",375,0,162
"265",376,0,162
"266",377,0,162
"267",378,0,162
"268",383,0,162
"269",385,0,162
"270",392,0,162
"271",394,0,162
"272",395,0,162
"273",396,0,162
"274",400,0,162
"275",401,0,162
"276",402,1018525.25,142
"277",403,0,162
"278",406,0,162
"279",410,0,162
"280",411,0,162
"281",413,0,162
"282",414,0,162
"283",415,0,162
"284",418,0,162
"285",420,0,162
"286",422,0,162
"287",425,0,162
"288",426,0,162
"289",429,0,162
"290",430,0,162
"291",431,0,162
"292",432,0,162
"293",434,0,162
"294",437,0,162
"295",438,0,162
"296",441,0,162
"297",442,0,162
"298",444,0,162
"299",445,0,162
"300",446,0,162
"301",449,216550675,50
"302",459,0,162
"303",460,0,162
"304",466,0,162
"305",468,0,162
"306",470,0,162
"307",472,0,162
"308",486,0,162
"309",490,0,162
"310",492,0,162
"311",497,0,162
"312",502,0,162
"313",503,0,162
"314",504,0,162
"315",505,4088500,130
"316",506,0,162
"317",508,0,162
"318",509,0,162
"319",510,0,162
"320",511,0,162
"321",512,0,162
"322",513,0,162
"323",515,0,162
"324",517,0,162
"325",518,0,162
"326",519,0,162
"327",520,0,162
"328",523,0,162
"329",524,146950125,61
"330",527,40653800,89
"331",528,63449100,78
"332",531,0,162
"333",532,6212962800,12
"334",538,0,162
"335",539,0,162
"336",543,0,162
"337",544,0,162
"338",545,37927000,90
"339",546,0,162
"340",553,0,162
"341",554,0,162
"342",555,0,162
"343",556,0,162
"344",557,0,162
"345",560,0,162
"346",562,0,162
"347",563,0,162
"348",564,0,162
"349",568,0,162
"350",569,0,162
"351",570,0,162
"352",574,0,162
"353",578,0,162
"354",579,0,162
"355",580,0,162
"356",581,0,162
"357",582,0,162
"358",584,294100,150
"359",585,0,162
"360",587,0,162
"361",588,0,162
"362",589,0,162
"363",590,0,162
"364",591,0,162
"365",592,0,162
"366",593,0,162
"367",594,0,162
"368",595,0,162
"369",596,0,162
"370",597,0,162
"371",598,0,162
"372",599,0,162
"373",600,0,162
"374",601,0,162
"375",615,0,162
"376",616,0,162
"377",617,0,162
"378",618,0,162
"379",623,0,162
"380",625,0,162
"381",626,0,162
"382",627,0,162
"383",632,0,162
"384",633,0,162
"385",635,352499675,44
"386",636,0,162
"387",637,0,162
"388",638,0,162
"389",639,0,162
"390",640,0,162
"391",641,0,162
"392",642,0,162
"393",643,0,162
"394",644,0,162
"395",645,0,162
"396",646,0,162
"397",647,0,162
"398",648,221050.8725,153
"399",649,0,162
"400",650,0,162
"401",651,0,162
"402",652,0,162
"403",653,0,162
"404",654,0,162
"405",655,0,162
"406",656,0,162
"407",657,0,162
"408",658,0,162
"409",659,0,162
"410",660,0,162
"411",661,0,162
"412",662,0,162
"413",663,0,162
"414",664,0,162
"415",665,28335175,96
"416",666,0,162
"417",671,1088000,141
"418",676,0,162
"419",677,0,162
"420",682,0,162
"421",683,0,162
"422",684,0,162
"423",689,0,162
"424",690,14359388725,8
"425",691,0,162
"426",692,19494577025,5
"427",693,0,162
"428",694,0,162
"429",695,17883665525,6
"430",697,0,162
"431",698,0,162
"432",699,0,162
"433",701,0,162
"434",702,0,162
"435",703,0,162
"436",704,0,162
"437",705,0,162
"438",706,0,162
"439",707,0,162
"440",708,0,162
"441",709,0,162
"442",710,0,162
"443",711,0,162
"444",712,0,162
"445",713,0,162
"446",714,0,162
"447",715,0,162
"448",716,0,162
"449",717,0,162
"450",718,0,162
"451",719,0,162
"452",720,0,162
"453",721,0,162
"454",722,0,162
"455",723,0,162
"456",724,0,162
"457",725,0,162
"458",726,0,162
"459",727,0,162
"460",729,0,162
"461",730,0,162
"462",731,0,162
"463",732,186062594.5,53
"464",733,0,162
"465",734,125292397000,1
"466",735,181564250,54
"467",736,4116359600,15
"468",737,530400000,36
"469",738,831663800,31
"470",739,0,162
"471",740,0,162
"472",741,31895825,95
"473",742,7643892750,11
"474",743,421166500,39
"475",744,73688402725,3
"476",745,3007685050,23
"477",747,0,162
"478",748,0,162
"479",749,0,162
"480",750,0,162
"481",752,0,162
"482",753,0,162
"483",754,0,162
"484",755,0,162
"485",756,0,162
"486",757,0,162
"487",758,0,162
"488",759,0,162
"489",761,0,162
"490",762,0,162
"491",763,0,162
"492",775,0,162
"493",778,357184875,43
"494",780,1950944650,24
"495",781,231489000,49
"496",786,0,162
"497",787,0,162
"498",788,0,162
"499",791,0,162
"500",792,0,162
"501",793,0,162
"502",812,0,162
"503",834,0,162
"504",835,0,162
"505",838,0,162
"506",839,0,162
"507",840,0,162
"508",841,0,162
"509",842,0,162
"510",843,561000,147
"511",844,0,162
"512",845,0,162
"513",850,0,162
"514",874,0,162
"515",877,0,162
"516",878,0,162
"517",881,0,162
"518",882,0,162
"519",884,0,162
"520",885,0,162
"521",886,0,162
"522",888,3534300,131
"523",889,1087526550,28
"524",891,0,162
"525",892,50097300,83
"526",893,0,162
"527",894,0,162
"528",895,0,162
"529",896,0,162
"530",897,0,162
"531",898,0,162
"532",899,0,162
"533",900,0,162
"534",901,0,162
"535",902,0,162
"536",903,0,162
"537",904,0,162
"538",905,0,162
"539",906,0,162
"540",908,0,162
"541",909,0,162
"542",911,0,162
"543",926,0,162
"544",928,0,162
"545",929,0,162
"546",930,0,162
"547",932,0,162
"548",934,0,162
"549",935,0,162
"550",936,0,162
"551",937,0,162
"552",940,0,162
"553",941,0,162
"554",943,0,162
"555",944,0,162
"556",945,0,162
"557",947,0,162
"558",948,0,162
"559",949,0,162
"560",951,0,162
"561",953,0,162
"562",954,0,162
"563",955,0,162
"564",956,0,162
"565",957,0,162
"566",958,0,162
"567",959,0,162
"568",960,0,162
"569",961,0,162
"570",962,0,162
"571",963,0,162
"572",964,0,162
"573",965,0,162
"574",966,0,162
"575",967,0,162
"576",968,0,162
"577",969,0,162
"578",972,0,162
"579",974,0,162
"580",975,0,162
"581",976,0,162
"582",977,0,162
"583",978,0,162
"584",979,0,162
"585",980,0,162
"586",981,0,162
"587",982,0,162
"588",983,0,162
"589",984,0,162
"590",985,0,162
"591",986,0,162
"592",987,0,162
"593",988,0,162
"594",989,0,162
"595",990,0,162
"596",991,0,162
"597",992,0,162
"598",993,0,162
"599",994,0,162
"600",995,0,162
"601",996,0,162
"602",997,0,162
"603",998,0,162
"604",999,0,162
"605",1000,0,162
"606",1001,0,162
"607",1002,0,162
"608",1003,0,162
"609",1004,0,162
"610",1005,0,162
"611",1006,0,162
"612",1007,0,162
"613",1008,0,162
"614",1009,0,162
"615",1010,0,162
"616",1011,0,162
"617",1012,0,162
"618",1015,0,162
"619",1016,0,162
"620",1017,0,162
"621",1019,0,162
"622",1021,0,162
"623",1023,0,162
"624",1024,0,162
"625",1025,0,162
"626",1027,0,162
"627",1036,0,162
"628",1040,0,162
"629",1041,0,162
"630",1042,0,162
"631",1043,36866834212,4
"632",1046,0,162
"633",1047,0,162
"634",1049,0,162
"635",1051,0,162
"636",1054,4782525,126
"637",1055,0,162
"638",1056,0,162
"639",1057,0,162
"640",1058,0,162
"641",1059,0,162
"642",1060,0,162
"643",1061,0,162
"644",1062,0,162
"645",1063,0,162
"646",1064,0,162
"647",1065,0,162
"648",1076,0,162
"649",1077,0,162
"650",1079,0,162
"651",1080,0,162
"652",1081,0,162
"653",1082,52901875,82
"654",1083,9962425,115
"655",1084,0,162
"656",1085,0,162
"657",1086,6579000,121
"658",1087,0,162
"659",1088,0,162
"660",1089,0,162
"661",1090,0,162
"662",1091,0,162
"663",1092,0,162
"664",1097,5325250,125
"665",1098,0,162
"666",1099,0,162
"667",1101,0,162
"668",1102,0,162
"669",1103,0,162
"670",1104,1540225500,26
"671",1105,1281665275,27
"672",1106,0,162
"673",1107,0,162
"674",1108,0,162
"675",1109,0,162
"676",1110,0,162
"677",1111,0,162
"678",1113,0,162
"679",1114,35950750,93
"680",1121,0,162
"681",1122,0,162
"682",1123,0,162
"683",1124,0,162
"684",1125,0,162
"685",1126,0,162
"686",1127,0,162
"687",1128,0,162
"688",1129,0,162
"689",1130,0,162
"690",1131,0,162
"691",1132,0,162
"692",1133,0,162
"693",1134,0,162
"694",1135,0,162
"695",1136,0,162
"696",1137,0,162
"697",1138,0,162
"698",1139,0,162
"699",1140,0,162
"700",1141,0,162
"701",1142,0,162
"702",1143,0,162
"703",1144,0,162
"704",1145,0,162
"705",1146,0,162
"706",1147,0,162
"707",1148,0,162
"708",1149,0,162
"709",1150,0,162
"710",1151,0,162
"711",1152,0,162
"712",1153,0,162
"713",1154,0,162
"714",1155,0,162
"715",1156,0,162
"716",1157,0,162
"717",1158,0,162
"718",1159,0,162
"719",1160,0,162
"720",1161,0,162
"721",1162,0,162
"722",1163,0,162
"723",1164,0,162
"724",1165,0,162
"725",1166,0,162
"726",1167,0,162
"727",1168,0,162
"728",1169,0,162
"729",1170,0,162
"730",1171,0,162
"731",1172,0,162
"732",1173,0,162
"733",1174,0,162
"734",1175,0,162
"735",1176,0,162
"736",1177,0,162
"737",1178,0,162
"738",1179,0,162
"739",1180,0,162
"740",1181,0,162
"741",1182,0,162
"742",1183,0,162
"743",1184,0,162
"744",1185,0,162
"745",1186,0,162
"746",1187,0,162
"747",1188,0,162
"748",1189,0,162
"749",1190,0,162
"750",1191,0,162
"751",1192,0,162
"752",1193,0,162
"753",1194,0,162
"754",1195,0,162
"755",1196,0,162
"756",1197,0,162
"757",1198,0,162
"758",1199,0,162
"759",1200,0,162
"760",1201,0,162
"761",1202,0,162
"762",1203,0,162
"763",1208,0,162
"764",1209,0,162
"765",1210,0,162
"766",1212,0,162
"767",1213,5363500,124
"768",1214,0,162
"769",1215,0,162
"770",1221,0,162
"771",1222,0,162
"772",1223,0,162
"773",1224,10883400,113
"774",1225,0,162
"775",1226,0,162
"776",1227,0,162
"777",1229,0,162
"778",1231,0,162
"779",1234,0,162
"780",1235,0,162
"781",1239,0,162
"782",1240,0,162
"783",1241,0,162
"784",1242,0,162
"785",1252,0,162
"786",1253,0,162
"787",1254,0,162
"788",1262,0,162
"789",1263,0,162
"790",1268,0,162
"791",1275,0,162
"792",1279,0,162
"793",1280,0,162
"794",1281,0,162
"795",1282,0,162
"796",1283,0,162
"797",1284,0,162
"798",1285,0,162
"799",1286,0,162
"800",1287,0,162
"801",1288,0,162
"802",1289,0,162
"803",1290,0,162
"804",1291,0,162
"805",1295,0,162
"806",1297,0,162
"807",1298,0,162
"808",1301,0,162
"809",1312,0,162
"810",1313,0,162
"811",1314,0,162
"812",1316,11003675,112
"813",1319,0,162
"814",1321,0,162
"815",1322,0,162
"816",1326,0,162
"817",1327,0,162
"818",1328,0,162
"819",1329,0,162
"820",1330,0,162
"821",1331,0,162
"822",1332,0,162
"823",1333,0,162
"824",1334,0,162
"825",1335,11827750,111
"826",1337,0,162
"827",1340,35105000,94
"828",1341,0,162
"829",1342,0,162
"830",1343,0,162
"831",1344,0,162
"832",1352,0,162
"833",1353,0,162
"834",1355,0,162
"835",1356,0,162
"836",1357,0,162
"837",1360,0,162
"838",1362,0,162
"839",1363,621775,145
"840",1364,254910750,47
"841",1365,0,162
"842",1366,0,162
"843",1367,0,162
"844",1368,0,162
"845",1370,0,162
"846",1371,0,162
"847",1375,0,162
"848",1376,0,162
"849",1378,0,162
"850",1380,0,162
"851",1381,0,162
"852",1382,0,162
"853",1383,0,162
"854",1384,0,162
"855",1385,0,162
"856",1386,0,162
"857",1395,0,162
"858",1396,0,162
"859",1398,0,162
"860",1405,0,162
"861",1406,0,162
"862",1407,344250,148
"863",1409,0,162
"864",1410,0,162
"865",1411,0,162
"866",1412,0,162
"867",1413,59086900,81
"868",1415,0,162
"869",1417,0,162
"870",1418,0,162
"871",1419,0,162
"872",1421,0,162
"873",1423,0,162
"874",1424,0,162
"875",1425,0,162
"876",1426,0,162
"877",1427,0,162
"878",1428,0,162
"879",1429,0,162
"880",1431,0,162
"881",1432,0,162
"882",1434,0,162
"883",1436,159767190,59
"884",1437,0,162
"885",1438,0,162
"886",1439,0,162
"887",1440,0,162
"888",1441,0,162
"889",1442,0,162
"890",1443,0,162
"891",1444,0,162
"892",1445,0,162
"893",1446,0,162
"894",1447,0,162
"895",1448,0,162
"896",1449,0,162
"897",1450,0,162
"898",1451,165847750,58
"899",1453,2667844,135
"900",1454,3312909000,19
"901",1456,0,162
"902",1457,255657050,46
"903",1459,0,162
"904",1462,0,162
"905",1465,0,162
"906",1466,0,162
"907",1469,0,162
"908",1470,0,162
"909",1471,0,162
"910",1473,0,162
"911",1475,0,162
"912",1476,0,162
"913",1477,255000,152
"914",1478,0,162
"915",1479,0,162
"916",1480,0,162
"917",1481,0,162
"918",1482,0,162
"919",1491,0,162
"920",1492,0,162
"921",1493,0,162
"922",1494,0,162
"923",1495,0,162
"924",1496,0,162
"925",1497,0,162
"926",1500,0,162
"927",1501,0,162
"928",1503,0,162
"929",1504,8185925,120
"930",1505,0,162
"931",1506,0,162
"932",1508,0,162
"933",1512,0,162
"934",1513,0,162
"935",1514,0,162
"936",1515,0,162
"937",1516,0,162
"938",1519,0,162
"939",1522,0,162
"940",1523,0,162
"941",1524,0,162
"942",1525,0,162
"943",1529,0,162
"944",1530,0,162
"945",1531,0,162
"946",1532,0,162
"947",1533,0,162
"948",1534,0,162
"949",1535,0,162
"950",1538,0,162
"951",1541,0,162
"952",1543,0,162
"953",1548,0,162
"954",1549,0,162
"955",1550,0,162
"956",1551,0,162
"957",1552,0,162
"958",1555,12926375,110
"959",1556,159719250,60
"960",1557,0,162
"961",1558,0,162
"962",1559,0,162
"963",1560,0,162
"964",1566,0,162
"965",1567,0,162
"966",1568,0,162
"967",1569,0,162
"968",1570,0,162
"969",1571,0,162
"970",1576,0,162
"971",1577,0,162
"972",1583,0,162
"973",1586,0,162
"974",1587,0,162
"975",1589,0,162
"976",1590,0,162
"977",1591,0,162
"978",1592,0,162
"979",1595,0,162
"980",1597,0,162
"981",1599,0,162
"982",1603,138202350,64
"983",1604,61817525,79
"984",1605,5950000,122
"985",1606,23061775,101
"986",1607,36474350,91
"987",1609,22505450,102
"988",1610,48713500,85
"989",1611,0,162
"990",1613,0,162
"991",1615,77730162.5,73
"992",1616,0,162
"993",1618,0,162
"994",1619,887267400,29
"995",1622,0,162
"996",1623,4629656750,14
"997",1625,114888125,68
"998",1626,12204821475,9
"999",1627,640386600,33
"1000",1628,0,162
"1001",1629,0,162
"1002",1630,0,162
"1003",1631,0,162
"1004",1632,48978275,84
"1005",1633,837296750,30
"1006",1634,3271817450,20
"1007",1635,0,162
"1008",1637,729271950,32
"1009",1638,0,162
"1010",1639,0,162
"1011",1640,0,162
"1012",1641,35974125,92
"1013",1643,0,162
"1014",1644,0,162
"1015",1648,0,162
"1016",1649,0,162
"1017",1650,0,162
"1018",1651,0,162
"1019",1652,0,162
"1020",1653,0,162
"1021",1654,0,162
"1022",1655,0,162
"1023",1656,0,162
"1024",1657,0,162
"1025",1663,0,162
"1026",1666,0,162
"1027",1667,0,162
"1028",1668,168121500,57
"1029",1671,0,162
"1030",1672,0,162
"1031",1673,0,162
"1032",1676,0,162
"1033",1677,14558538200,7
"1034",1678,0,162
"1035",1679,0,162
"1036",1681,0,162
"1037",1682,0,162
"1038",1683,0,162
"1039",1684,0,162
"1040",1685,0,162
"1041",1686,0,162
"1042",1688,0,162
"1043",1692,0,162
"1044",1693,0,162
"1045",1694,0,162
"1046",1695,0,162
"1047",1696,0,162
"1048",1698,0,162
"1049",1699,0,162
"1050",1700,0,162
"1051",1703,0,162
"1052",1704,0,162
"1053",1706,0,162
"1054",1707,0,162
"1055",1708,0,162
"1056",1709,0,162
"1057",1715,0,162
"1058",1716,0,162
"1059",1719,0,162
"1060",1720,0,162
"1061",1724,0,162
"1062",1725,0,162
"1063",1726,0,162
"1064",1727,0,162
"1065",1728,0,162
"1066",1729,0,162
"1067",1731,0,162
"1068",1732,0,162
"1069",1733,314272200,45
"1070",1734,0,162
"1071",1735,0,162
"1072",1736,18957125,105
"1073",1737,0,162
"1074",1738,145911425,62
"1075",1741,81569400,72
"1076",1742,0,162
"1077",1745,0,162
"1078",1746,0,162
"1079",1747,0,162
"1080",1748,0,162
"1081",1749,0,162
"1082",1750,0,162
"1083",1751,0,162
"1084",1752,0,162
"1085",1753,0,162
"1086",1754,0,162
"1087",1755,0,162
"1088",1756,0,162
"1089",1757,0,162
"1090",1758,0,162
"1091",1759,0,162
"1092",1760,0,162
"1093",1761,0,162
"1094",1762,0,162
"1095",1763,0,162
"1096",1764,0,162
"1097",1766,0,162
"1098",1773,0,162
"1099",1774,0,162
"1100",1775,0,162
"1101",1778,1606925,139
"1102",1779,0,162
"1103",1780,0,162
"1104",1783,0,162
"1105",1790,0,162
"1106",1791,126650,156
"1107",1792,0,162
"1108",1794,0,162
"1109",1796,0,162
"1110",1798,0,162
"1111",1799,0,162
"1112",1801,0,162
"1113",1802,0,162
"1114",1803,0,162
"1115",1804,0,162
"1116",1806,0,162
"1117",1807,0,162
"1118",1810,0,162
"1119",1811,122999250,67
"1120",1812,0,162
"1121",1813,0,162
"1122",1820,178500,155
"1123",1821,0,162
"1124",1822,0,162
"1125",1823,0,162
"1126",1824,0,162
"1127",1825,0,162
"1128",1827,0,162
"1129",1831,0,162
"1130",1834,0,162
"1131",1836,0,162
"1132",1837,210622775,51
"1133",1839,0,162
"1134",1840,0,162
"1135",1841,0,162
"1136",1842,0,162
"1137",1843,0,162
"1138",1844,0,162
"1139",1846,3187195275,22
"1140",1847,0,162
"1141",1848,0,162
"1142",1849,3351975,132
"1143",1850,0,162
"1144",1851,4609550,129
"1145",1852,4754475,127
"1146",1853,0,162
"1147",1855,0,162
"1148",1858,565081275,35
"1149",1859,23196627.5,100
"1150",1860,5063487825,13
"1151",1861,0,162
"1152",1864,0,162
"1153",1865,0,162
"1154",1868,0,162
"1155",1869,0,162
"1156",1870,0,162
"1157",1873,573750,146
"1158",1875,25028250,98
"1159",1876,0,162
"1160",1877,0,162
"1161",1879,0,162
"1162",1888,0,162
"1163",1889,0,162
"1164",1891,0,162
"1165",1895,0,162
"1166",1896,0,162
"1167",1897,0,162
"1168",1898,0,162
"1169",1899,0,162
"1170",1900,4749800,128
"1171",1901,8802600,117
"1172",1905,0,162
"1173",1908,0,162
"1174",1909,0,162
"1175",1910,0,162
"1176",1914,0,162
"1177",1915,0,162
"1178",1916,0,162
"1179",1917,0,162
"1180",1918,0,162
"1181",1922,0,162
"1182",1923,0,162
"1183",1924,0,162
"1184",1925,105065525,69
"1185",1926,0,162
"1186",1927,0,162
"1187",1928,0,162
"1188",1932,0,162
"1189",1933,0,162
"1190",1934,0,162
"1191",1936,0,162
"1192",1937,0,162
"1193",1938,0,162
"1194",1939,0,162
"1195",1944,0,162
"1196",1945,369234475,41
"1197",1946,0,162
"1198",1947,19340475,104
"1199",1953,0,162
"1200",1956,0,162
"1201",1957,0,162
"1202",1958,0,162
"1203",1959,0,162
"1204",1960,0,162
"1205",1961,0,162
"1206",1962,0,162
"1207",1963,0,162
"1208",1964,0,162
"1209",1965,0,162
"1210",1966,0,162
"1211",1967,0,162
"1212",1968,0,162
"1213",1969,0,162
"1214",1970,0,162
"1215",1971,0,162
"1216",1972,0,162
"1217",1973,0,162
"1218",1974,0,162
"1219",1975,0,162
"1220",1976,0,162
"1221",1977,0,162
"1222",1978,0,162
"1223",1979,0,162
"1224",1980,0,162
"1225",1981,0,162
"1226",1982,0,162
"1227",1983,0,162
"1228",1984,0,162
"1229",1985,0,162
"1230",1986,0,162
"1231",1987,0,162
"1232",1988,0,162
"1233",1989,0,162
"1234",1990,0,162
"1235",1991,0,162
"1236",1992,0,162
"1237",1993,0,162
"1238",1994,0,162
"1239",1995,0,162
"1240",1996,0,162
"1241",1997,0,162
"1242",1998,0,162
"1243",1999,0,162
"1244",2000,0,162
"1245",2001,0,162
"1246",2002,0,162
"1247",2003,0,162
"1248",2004,0,162
"1249",2005,0,162
"1250",2006,0,162
"1251",2007,0,162
"1252",2009,0,162
"1253",2020,0,162
"1254",2025,0,162
"1255",2028,0,162
"1256",2029,0,162
"1257",2031,42500,157
"1258",2032,0,162
"1259",2033,0,162
"1260",2034,0,162
"1261",2035,0,162
"1262",2036,0,162
"1263",2037,0,162
"1264",2038,0,162
"1265",2039,0,162
"1266",2041,0,162
"1267",2042,0,162
"1268",2044,0,162
"1269",2045,0,162
"1270",2046,0,162
"1271",2047,0,162
"1272",2048,0,162
"1273",2049,0,162
"1274",2050,0,162
"1275",2051,0,162
"1276",2054,0,162
"1277",2055,0,162
"1278",2057,578888250,34
"1279",2058,0,162
"1280",2064,0,162
"1281",2065,0,162
"1282",2066,0,162
"1283",2067,0,162
"1284",2070,0,162
"1285",2071,0,162
"1286",2072,0,162
"1287",2073,0,162
"1288",2074,0,162
"1289",2076,0,162
"1290",2077,0,162
"1291",2078,0,162
"1292",2079,0,162
"1293",2080,0,162
"1294",2081,0,162
"1295",2082,0,162
"1296",2083,0,162
"1297",2086,0,162
"1298",2087,0,162
"1299",2090,0,162
"1300",2096,0,162
"1301",2098,0,162
"1302",2099,188963500,52
"1303",2100,0,162
"1304",2101,0,162
"1305",2102,0,162
"1306",2103,0,162
"1307",2104,0,162
"1308",2107,0,162
"1309",2108,484830225,38
"1310",2111,45708750,86
"1311",2112,0,162
"1312",2113,0,162
"1313",2114,16652350,107
"1314",2115,0,162
"1315",2119,0,162
"1316",2120,0,162
"1317",2121,0,162
"1318",2122,0,162
"1319",2123,0,162
"1320",2124,0,162
"1321",2125,0,162
"1322",2126,0,162
"1323",2127,0,162
"1324",2129,0,162
"1325",2130,60292200,80
"1326",2133,0,162
"1327",2134,103780325,70
"1328",2145,0,162
"1329",2146,0,162
"1330",2147,0,162
"1331",2151,0,162
"1332",2153,0,162
"1333",2154,0,162
"1334",2155,0,162
"1335",2157,0,162
"1336",2158,8213975,119
"1337",2159,0,162
"1338",2160,0,162
"1339",2161,0,162
"1340",2163,0,162
"1341",2167,0,162
"1342",2168,0,162
"1343",2169,0,162
"1344",2170,0,162
"1345",2171,0,162
"1346",2172,0,162
"1347",2173,0,162
"1348",2174,0,162
"1349",2175,0,162
"1350",2176,0,162
"1351",2177,0,162
"1352",2178,0,162
"1353",2179,0,162
"1354",2180,0,162
"1355",2181,0,162
"1356",2182,0,162
"1357",2183,0,162
"1358",2184,0,162
"1359",2185,0,162
"1360",2186,0,162
"1361",2187,0,162
"1362",2188,0,162
"1363",2189,0,162
"1364",2190,0,162
"1365",2191,0,162
"1366",2192,0,162
"1367",2193,0,162
"1368",2194,0,162
"1369",2195,0,162
"1370",2196,0,162
"1371",2197,0,162
"1372",2198,0,162
"1373",2202,0,162
"1374",2203,0,162
"1375",2204,0,162
"1376",2207,0,162
"1377",2208,0,162
"1378",2210,0,162
"1379",2218,0,162
"1380",2228,0,162
"1381",2229,0,162
"1382",2242,0,162
"1383",2243,0,162
"1384",2244,2273750,136
"1385",2245,0,162
"1386",2246,0,162
"1387",2247,0,162
"1388",2249,0,162
"1389",2250,0,162
"1390",2251,0,162
"1391",2252,0,162
"1392",2253,0,162
"1393",2254,0,162
"1394",2255,0,162
"1395",2256,0,162
"1396",2257,0,162
"1397",2258,0,162
"1398",2259,0,162
"1399",2260,0,162
"1400",2262,0,162
"1401",2263,0,162
"1402",2264,0,162
"1403",2269,0,162
"1404",2270,0,162
"1405",2271,0,162
"1406",2272,0,162
"1407",2273,0,162
"1408",2274,0,162
"1409",2276,0,162
"1410",2277,0,162
"1411",2278,0,162
"1412",2283,200600,154
"1413",2284,0,162
"1414",2285,1829638727.5,25
"1415",2286,0,162
"1416",2290,0,162
"1417",2291,0,162
"1418",2292,0,162
"1419",2293,0,162
"1420",2294,0,162
"1421",2295,0,162
"1422",2296,0,162
"1423",2297,0,162
"1424",2301,0,162
"1425",2305,0,162
"1426",2306,0,162
"1427",2309,0,162
"1428",2312,0,162
"1429",2314,0,162
"1430",2315,0,162
"1431",2316,0,162
"1432",2317,0,162
"1433",2318,0,162
"1434",2319,0,162
"1435",2320,0,162
"1436",2321,0,162
"1437",2322,0,162
"1438",2327,0,162
"1439",2330,828.75,161
"1440",2332,0,162
"1441",2333,0,162
"1442",2334,0,162
"1443",2335,0,162
"1444",2336,0,162
"1445",2337,0,162
"1446",2342,0,162
"1447",2344,0,162
"1448",2346,0,162
"1449",2347,0,162
"1450",2348,0,162
"1451",2349,0,162
"1452",2350,0,162
"1453",2351,0,162
"1454",2352,0,162
"1455",2353,0,162
"1456",2354,0,162
"1457",2356,0,162
"1458",2358,0,162
"1459",2359,0,162
"1460",2360,0,162
"1461",2361,0,162
"1462",2362,0,162
"1463",2363,0,162
"1464",2364,0,162
"1465",2365,0,162
"1466",2366,0,162
"1467",2367,0,162
"1468",2368,71084607.5,74
"1469",2376,0,162
"1470",2377,0,162
"1471",2378,0,162
"1472",2380,0,162
"1473",2381,0,162
"1474",2382,0,162
"1475",2385,0,162
"1476",2386,0,162
"1477",2389,0,162
"1478",2394,0,162
"1479",2395,99598879625,2
"1480",2396,0,162
"1481",2397,0,162
"1482",2400,0,162
"1483",2403,0,162
"1484",2404,0,162
"1485",2406,0,162
"1486",2408,0,162
"1487",2409,0,162
"1488",2410,0,162
"1489",2411,0,162
"1490",2412,0,162
"1491",2413,0,162
"1492",2414,0,162
"1493",2415,0,162
"1494",2416,0,162
"1495",2417,0,162
"1496",2418,0,162
"1497",2420,3425279000,18
"1498",2423,0,162
"1499",2424,0,162
"1500",2425,0,162
"1501",2426,0,162
"1502",2427,0,162
"1503",2428,0,162
"1504",2429,0,162
"1505",2431,0,162
"1506",2432,0,162
"1507",2433,0,162
"1508",2434,0,162
"1509",2435,0,162
"1510",2436,0,162
"1511",2437,0,162
"1512",2438,0,162
"1513",2439,0,162
"1514",2440,0,162
"1515",2442,0,162
"1516",2443,0,162
"1517",2444,0,162
"1518",2445,0,162
"1519",2446,0,162
"1520",2447,0,162
"1521",2448,0,162
"1522",2449,0,162
"1523",2450,10193625,114
"1524",2457,139496050,63
"1525",2458,5847150,123
"1526",2459,13142700,109
"1527",2460,0,162
"1528",2461,0,162
"1529",2463,0,162
"1530",2465,0,162
"1531",2470,0,162
"1532",2474,0,162
"1533",2477,0,162
"1534",2478,0,162
"1535",2481,0,162
"1536",2482,0,162
"1537",2489,0,162
"1538",2490,3481464765,17
"1539",2491,0,162
"1540",2492,0,162
"1541",2493,0,162
"1542",2494,0,162
"1543",2495,0,162
"1544",2496,0,162
"1545",2497,0,162
"1546",2498,0,162
"1547",2499,0,162
"1548",2500,0,162
"1549",2506,0,162
"1550",2507,0,162
"1551",2508,0,162
"1552",2509,0,162
"1553",2510,0,162
"1554",2511,0,162
"1555",2512,0,162
"1556",2513,0,162
"1557",2514,0,162
"1558",2516,0,162
"1559",2518,2028100,138
"1560",2519,0,162
"1561",2520,0,162
"1562",2521,0,162
"1563",2522,0,162
"1564",2523,0,162
"1565",2524,0,162
"1566",2525,0,162
"1567",2526,0,162
"1568",2527,0,162
"1569",2528,0,162
"1570",2529,362788925,42
"1571",2530,0,162
"1572",2531,0,162
"1573",2532,0,162
"1574",2533,0,162
"1575",2535,0,162
"1576",2536,300050,149
"1577",2537,0,162
"1578",2539,0,162
"1579",2540,0,162
"1580",2541,0,162
"1581",2542,0,162
"1582",2548,0,162
"1583",2557,0,162
"1584",2561,0,162
"1585",2562,0,162
"1586",2563,0,162
"1587",2564,0,162
"1588",2574,0,162
"1589",2580,0,162
"1590",2581,0,162
"1591",2582,0,162
"1592",2583,0,162
"1593",2584,0,162
"1594",2585,0,162
"1595",2586,0,162
"1596",2587,0,162
"1597",2588,0,162
"1598",2589,0,162
"1599",2590,0,162
"1600",2591,0,162
"1601",2592,0,162
"1602",2594,0,162
"1603",2595,0,162
"1604",2596,0,162
"1605",2597,0,162
"1606",2598,0,162
"1607",2599,0,162
"1608",2600,0,162
"1609",2601,0,162
"1610",2602,0,162
"1611",2603,0,162
"1612",2604,0,162
"1613",2605,0,162
"1614",2606,0,162
"1615",2608,0,162
"1616",2609,0,162
"1617",2610,0,162
"1618",2611,0,162
"1619",2612,0,162
"1620",2613,0,162
"1621",2614,0,162
"1622",2615,0,162
"1623",2616,0,162
"1624",2618,0,162
"1625",2619,0,162
"1626",2620,0,162
"1627",2621,0,162
"1628",2622,0,162
"1629",2623,0,162
"1630",2624,0,162
"1631",2625,0,162
"1632",2626,0,162
"1633",2627,0,162
"1634",2628,0,162
"1635",2629,0,162
"1636",2630,0,162
"1637",2631,0,162
"1638",2632,0,162
"1639",2633,0,162
"1640",2634,0,162
"1641",2635,8942000,116
"1642",2636,0,162
"1643",2639,0,162
"1644",2640,0,162
"1645",2641,0,162
"1646",2642,0,162
"1647",2643,0,162
"1648",2644,0,162
"1649",2645,0,162
"1650",2646,0,162
"1651",2647,0,162
"1652",2648,0,162
"1653",2649,0,162
"1654",2650,0,162
"1655",2651,0,162
"1656",2652,0,162
"1657",2653,0,162
"1658",2654,0,162
"1659",2655,0,162
"1660",2656,0,162
"1661",2657,0,162
"1662",2658,130324975,66
"1663",2659,38250,158
"1664",2660,0,162
"1665",2661,0,162
"1666",2662,0,162
"1667",2663,0,162
"1668",2664,0,162
"1669",2665,0,162
"1670",2668,0,162
"1671",2669,0,162
"1672",2670,0,162
"1673",2671,0,162
"1674",2672,0,162
"1675",2673,0,162
"1676",2674,68293250,76
"1677",2675,69020000,75
"1678",2676,0,162
"1679",2677,0,162
"1680",2678,0,162
"1681",2679,0,162
"1682",2680,0,162
"1683",2681,0,162
"1684",2682,0,162
"1685",2683,0,162
"1686",2684,0,162
"1687",2688,0,162
"1688",2690,0,162
"1689",2691,0,162
"1690",2692,0,162
"1691",2693,0,162
"1692",2694,0,162
"1693",2695,0,162
"1694",2696,0,162
"1695",2697,0,162
"1696",2698,0,162
"1697",2699,0,162
"1698",2700,0,162
"1699",2701,0,162
"1700",2702,0,162
"1701",2703,0,162
"1702",2704,0,162
"1703",2705,0,162
"1704",2706,0,162
"1705",2707,0,162
"1706",2708,0,162
"1707",2709,0,162
"1708",2710,0,162
"1709",2712,0,162
"1710",2713,0,162
"1711",2714,0,162
"1712",2715,0,162
"1713",2716,0,162
"1714",2717,0,162
"1715",2718,0,162
"1716",2719,0,162
"1717",2720,0,162
"1718",2721,0,162
"1719",2723,0,162
"1720",2726,0,162
"1721",2728,0,162
"1722",2729,0,162
"1723",2731,0,162
"1724",2732,0,162
"1725",2733,0,162
"1726",2734,0,162
"1727",2735,0,162
"1728",2736,0,162
"1729",2737,0,162
"1730",2738,0,162
"1731",2740,0,162
"1732",2741,1125.315,160
"1733",2742,0,162
"1734",2745,0,162
"1735",2750,0,162
"1736",2751,0,162
"1737",2752,0,162
"1738",2753,0,162
"1739",2754,0,162
"1740",2755,0,162
"1741",2756,0,162
"1742",2759,0,162
"1743",2761,0,162
"1744",2762,0,162
"1745",2763,0,162
"1746",2764,0,162
"1747",2765,0,162
"1748",2772,0,162
"1749",2773,0,162
"1750",2774,0,162
"1751",2775,0,162
"1752",2776,178653255,56
"1753",2777,0,162
"1754",2778,0,162
"1755",2779,0,162
"1756",2782,0,162
"1757",2783,0,162
"1758",2784,0,162
"1759",2785,0,162
"1760",2786,0,162
"1761",2787,0,162
"1762",2788,0,162
"1763",2789,0,162
"1764",2790,0,162
"1765",2791,0,162
"1766",2792,0,162
"1767",2793,0,162
"1768",2794,0,162
"1769",2795,0,162
"1770",2796,0,162
"1771",2797,0,162
"1772",2798,0,162
"1773",2799,0,162
"1774",2800,0,162
"1775",2801,0,162
"1776",2802,0,162
"1777",2803,0,162
"1778",2804,0,162
"1779",2805,0,162
"1780",2806,0,162
"1781",2807,0,162
"1782",2808,0,162
"1783",2809,0,162
"1784",2812,0,162
"1785",2813,0,162
"1786",2815,0,162
"1787",2816,0,162
"1788",2817,0,162
"1789",2819,0,162
"1790",2822,0,162
"1791",2823,0,162
"1792",2825,0,162
"1793",2827,0,162
"1794",2828,0,162
"1795",2830,0,162
"1796",2832,0,162
"1797",2833,0,162
"1798",2834,0,162
"1799",2836,0,162
"1800",2837,0,162
"1801",2840,0,162
"1802",2842,0,162
"1803",2843,0,162
"1804",2844,133009275,65
"1805",2845,0,162
"1806",2848,1449250,140
"1807",2851,0,162
"1808",2854,0,162
"1809",2855,20471098.25,103
"1810",2856,26921200,97
"1811",2857,0,162
"1812",2861,43243325,88
"1813",2862,0,162
"1814",2863,0,162
"1815",2864,0,162
