custId,sex,age,city
C0001,F,23,Kyeongki
C0002,F,68,Seoul
C0003,F,21,Kyeongki
C0004,F,45,Seoul
C0005,F,50,Seoul
C0006,F,61,Seoul
C0007,F,24,Seoul
C0008,F,73,Seoul
C0009,F,57,Seoul
C0010,F,51,Seoul
C0011,F,25,Seoul
C0012,F,48,Kyeongki
C0013,F,59,Seoul
C0014,M,37,Seoul
C0015,F,34,Chungbuk
C0016,F,61,Seoul
C0017,F,31,Seoul
C0018,F,70,
C0019,F,22,Seoul
C0020,M,34,Seoul
C0021,F,59,Seoul
C0022,F,62,Seoul
C0023,F,42,Seoul
C0024,F,41,Seoul
C0025,M,30,Seoul
C0026,F,34,Kyeongki
C0027,F,43,Seoul
C0028,F,31,Seoul
C0029,F,34,Kyeongki
C0030,F,51,Seoul
C0031,F,34,Seoul
C0032,F,41,Seoul
C0033,F,40,Seoul
C0034,F,63,Chungnam
C0035,F,61,Seoul
C0036,F,51,Seoul
C0037,F,38,Seoul
C0038,F,29,Gangwon
C0039,F,32,Seoul
C0040,F,44,Seoul
C0041,F,43,Seoul
C0042,F,43,Seoul
C0043,F,52,Seoul
C0044,F,30,Seoul
C0045,F,53,Seoul
C0046,F,24,Seoul
C0047,M,42,Seoul
C0048,M,36,Kyeongki
C0049,F,63,Seoul
C0050,F,77,Inchon
C0051,F,37,Seoul
C0052,M,65,Seoul
C0053,M,25,Seoul
C0054,F,32,Seoul
C0055,F,53,Seoul
C0056,F,50,Seoul
C0057,F,65,Seoul
C0058,M,61,Seoul
C0059,F,30,Seoul
C0060,F,64,Seoul
C0061,M,43,Seoul
C0062,F,43,Seoul
C0063,F,60,Seoul
C0064,F,42,Seoul
C0065,F,78,Seoul
C0066,F,39,Seoul
C0067,F,48,Seoul
C0068,F,27,Seoul
C0069,F,44,Chungnam
C0070,F,59,Seoul
C0071,F,50,Seoul
C0072,F,34,Seoul
C0073,F,47,Seoul
C0074,M,26,Kyeongki
C0075,F,55,Seoul
C0076,F,45,Seoul
C0077,F,44,Seoul
C0078,F,50,Seoul
C0079,F,37,Seoul
C0080,F,79,Seoul
C0081,M,43,Seoul
C0082,F,62,Seoul
C0083,M,43,Seoul
C0084,F,46,Seoul
C0085,F,30,Seoul
C0086,F,54,Seoul
C0087,F,45,Seoul
C0088,M,68,Kyeongki
C0089,F,20,Inchon
C0090,F,48,Seoul
C0091,M,51,Seoul
C0092,M,53,Seoul
C0093,M,36,Kyeongki
C0094,F,36,Kyeongki
C0095,F,39,Seoul
C0096,M,39,Seoul
C0097,F,61,Seoul
C0098,F,60,Seoul
C0099,F,36,Seoul
C0100,F,50,Seoul
C0101,F,20,Kyeongki
C0102,F,50,Kyeongki
C0103,F,32,Seoul
C0104,F,46,Seoul
C0105,F,61,Kyeongki
C0106,F,47,Seoul
C0107,F,34,Seoul
C0108,F,67,Seoul
C0109,F,32,Seoul
C0110,M,41,Seoul
C0111,F,63,Seoul
C0112,F,51,Seoul
C0113,F,28,Seoul
C0114,F,40,Seoul
C0115,F,35,Seoul
C0116,F,60,Seoul
C0117,F,29,Seoul
C0118,F,45,Seoul
C0119,M,41,Seoul
C0120,M,41,Seoul
C0121,F,56,Seoul
C0122,M,37,Kyeongki
C0123,F,53,Seoul
C0124,M,33,Seoul
C0125,F,35,Seoul
C0126,F,56,Seoul
C0127,F,54,Seoul
C0128,F,35,Seoul
C0129,M,37,Seoul
C0130,F,33,Seoul
C0131,F,30,Kyeongki
C0132,F,37,Seoul
C0133,F,51,Seoul
C0134,M,48,Seoul
C0135,F,49,Seoul
C0136,M,42,Seoul
C0137,F,64,Seoul
C0138,M,40,Daejeon
C0139,F,63,Seoul
C0140,F,59,Seoul
C0141,F,38,Seoul
C0142,F,30,Seoul
C0143,F,34,Seoul
C0144,F,69,Kyeongki
C0145,M,66,Seoul
C0146,F,62,Seoul
C0147,F,34,Seoul
C0148,F,54,Seoul
C0149,F,41,Seoul
C0150,M,39,Kyeongki
C0151,F,74,Seoul
C0152,M,30,Seoul
C0153,F,60,Seoul
C0154,F,57,Seoul
C0155,F,57,Seoul
C0156,F,37,Seoul
C0157,F,45,Seoul
C0158,F,66,Kyeongki
C0159,M,33,Inchon
C0160,F,51,Kyeongki
C0161,F,47,Seoul
C0162,M,50,Seoul
C0163,F,66,Kyeongki
C0164,F,24,Seoul
C0165,F,32,Seoul
C0166,F,32,Seoul
C0167,F,39,Seoul
C0168,F,57,Seoul
C0169,F,43,Seoul
C0170,M,40,Seoul
C0171,M,23,Seoul
C0172,F,46,Seoul
C0173,F,21,Seoul
C0174,F,26,Seoul
C0175,F,49,Seoul
C0176,F,65,Seoul
C0177,F,57,Seoul
C0178,F,36,Seoul
C0179,F,67,Seoul
C0180,F,40,Seoul
C0181,M,73,Seoul
C0182,F,47,Seoul
C0183,F,59,Seoul
C0184,F,39,Seoul
C0185,F,21,Seoul
C0186,F,40,Seoul
C0187,F,44,Seoul
C0188,F,25,Seoul
C0189,F,42,Seoul
C0190,M,62,Gwangju
C0191,F,28,Kyeongki
C0192,F,59,Seoul
C0193,F,29,Seoul
C0194,F,65,Seoul
C0195,F,53,Seoul
C0196,F,26,Cheonbuk
C0197,F,59,Seoul
C0198,F,53,Seoul
C0199,M,30,Seoul
C0200,F,55,Seoul
C0201,M,33,Seoul
C0202,F,43,Seoul
C0203,F,42,Seoul
C0204,M,26,Seoul
C0205,M,35,Seoul
C0206,F,22,Seoul
C0207,F,52,Seoul
C0208,F,43,Seoul
C0209,F,60,Pusan
C0210,F,44,Seoul
C0211,F,46,Seoul
C0212,F,52,Gangwon
C0213,F,21,Seoul
C0214,F,39,Seoul
C0215,M,35,Seoul
C0216,M,39,
C0217,F,55,Seoul
C0218,F,36,Seoul
C0219,F,26,Daegu
C0220,F,40,Kyeongki
C0221,F,50,Seoul
C0222,F,33,Kyeongki
C0223,F,60,Seoul
C0224,F,55,Seoul
C0225,M,28,Seoul
C0226,F,28,Seoul
C0227,M,39,Seoul
C0228,F,26,Chungnam
C0229,F,45,Seoul
C0230,M,31,Seoul
C0231,F,33,Kyeongki
C0232,M,38,Seoul
C0233,F,60,Seoul
C0234,M,50,Kyeongki
C0235,F,56,Seoul
C0236,F,39,Seoul
C0237,F,29,Gwangju
C0238,F,53,Seoul
C0239,F,50,Seoul
C0240,F,65,Seoul
C0241,F,54,Seoul
C0242,F,42,Seoul
C0243,F,37,Seoul
C0244,F,32,Kyeongki
C0245,F,41,Pusan
C0246,F,24,Seoul
C0247,F,34,Seoul
C0248,F,56,Seoul
C0249,M,48,Seoul
C0250,F,55,Seoul
C0251,M,73,Seoul
C0252,F,43,Seoul
C0253,M,42,Seoul
C0254,F,44,Seoul
C0255,F,56,Kyeongki
C0256,F,31,Seoul
C0257,F,33,Seoul
C0258,F,43,Seoul
C0259,F,20,Gwangju
C0260,F,30,Seoul
C0261,F,61,Seoul
C0262,M,31,Kyeongki
C0263,F,72,Seoul
C0264,F,56,Seoul
C0265,M,27,Seoul
C0266,F,34,Seoul
C0267,F,46,Seoul
C0268,F,57,Seoul
C0269,M,30,Seoul
C0270,F,43,Kyeongki
C0271,M,58,Kyeongki
C0272,M,38,Seoul
C0273,F,35,Seoul
C0274,M,35,Seoul
C0275,F,55,Kyeongki
C0276,F,27,Seoul
C0277,F,33,Seoul
C0278,F,53,Seoul
C0279,M,20,Kyeongki
C0280,F,49,Seoul
C0281,M,67,Seoul
C0282,F,34,Seoul
C0283,F,34,Seoul
C0284,M,34,Seoul
C0285,M,42,Seoul
C0286,M,52,Seoul
C0287,F,48,Seoul
C0288,F,66,Seoul
C0289,F,32,Seoul
C0290,M,44,Seoul
C0291,F,21,Seoul
C0292,F,45,Seoul
C0293,F,37,Seoul
C0294,F,65,Seoul
C0295,F,27,Seoul
C0296,F,78,Seoul
C0297,F,44,Seoul
C0298,M,40,Seoul
C0299,M,49,Seoul
C0300,F,41,Seoul
C0301,F,25,Seoul
C0302,F,46,Seoul
C0303,F,51,Seoul
C0304,M,54,Seoul
C0305,F,65,Kyeongki
C0306,F,79,Seoul
C0307,F,58,Seoul
C0308,F,44,Seoul
C0309,F,33,Seoul
C0310,M,73,Seoul
C0311,F,27,Seoul
C0312,F,43,Seoul
C0313,F,28,Inchon
C0314,F,35,Seoul
C0315,M,36,Seoul
C0316,F,30,Seoul
C0317,F,53,Kyeongki
C0318,F,58,Kyeongki
C0319,F,32,Seoul
C0320,F,34,Seoul
C0321,F,36,Kyeongki
C0322,M,57,Seoul
C0323,M,43,
C0324,F,24,Seoul
C0325,F,42,Seoul
C0326,F,31,Kyeongnam
C0327,F,28,Seoul
C0328,M,31,Seoul
C0329,M,41,Seoul
C0330,F,37,Seoul
C0331,F,38,Seoul
C0332,F,59,Seoul
C0333,M,47,Seoul
C0334,F,44,Seoul
C0335,F,54,Pusan
C0336,F,30,Seoul
C0337,M,23,Seoul
C0338,F,48,Seoul
C0339,F,46,Seoul
C0340,M,31,Seoul
C0341,F,33,Seoul
C0342,F,42,Seoul
C0343,F,57,Seoul
C0344,F,38,Seoul
C0345,F,65,Seoul
C0346,F,57,Seoul
C0347,M,31,Seoul
C0348,F,36,Seoul
C0349,M,53,Seoul
C0350,F,35,Daejeon
C0351,M,26,Seoul
C0352,F,22,Seoul
C0353,F,57,Seoul
C0354,F,59,Seoul
C0355,F,57,Seoul
C0356,F,54,Seoul
C0357,M,46,Seoul
C0358,F,30,Seoul
C0359,M,70,Seoul
C0360,F,25,Seoul
C0361,F,47,Seoul
C0362,M,42,Seoul
C0363,F,30,Seoul
C0364,F,23,Seoul
C0365,F,42,Kyeongki
C0366,M,42,Seoul
C0367,F,44,Seoul
C0368,M,42,Kyeongki
C0369,M,31,Seoul
C0370,F,29,Seoul
C0371,F,33,Seoul
C0372,F,58,Seoul
C0373,F,52,Seoul
C0374,M,35,Seoul
C0375,F,28,Seoul
C0376,M,59,Seoul
C0377,F,43,Seoul
C0378,F,45,Seoul
C0379,F,70,Seoul
C0380,F,38,Seoul
C0381,F,38,Seoul
C0382,F,51,Kyeongnam
C0383,F,35,Seoul
C0384,F,50,Seoul
C0385,F,41,Seoul
C0386,F,43,Seoul
C0387,M,22,Seoul
C0388,F,42,Seoul
C0389,F,62,Seoul
C0390,F,33,Seoul
C0391,F,41,Seoul
C0392,M,47,Seoul
C0393,F,51,Chungbuk
C0394,F,47,Seoul
C0395,M,45,Seoul
C0396,F,55,Seoul
C0397,M,29,Seoul
C0398,M,43,Seoul
C0399,F,26,Seoul
C0400,F,49,Seoul
C0401,M,65,Kyeongki
C0402,F,28,Seoul
C0403,F,20,Seoul
C0404,F,53,Seoul
C0405,F,44,Seoul
C0406,M,65,Seoul
C0407,F,33,Kyeongki
C0408,F,56,Seoul
C0409,F,25,Kyeongki
C0410,M,51,Seoul
C0411,F,23,Seoul
C0412,M,57,Seoul
C0413,F,55,Kyeongki
C0414,F,25,Kyeongki
C0415,F,51,Seoul
C0416,F,49,Seoul
C0417,F,48,Seoul
C0418,M,51,Seoul
C0419,F,43,Seoul
C0420,F,56,Seoul
C0421,F,64,Seoul
C0422,M,59,Seoul
C0423,F,46,Seoul
C0424,F,48,Seoul
C0425,F,32,Seoul
C0426,F,30,Seoul
C0427,M,38,Seoul
C0428,F,41,Seoul
C0429,F,46,Seoul
C0430,F,41,Seoul
C0431,F,28,Seoul
C0432,M,31,Seoul
C0433,F,40,Seoul
C0434,F,73,Seoul
C0435,F,54,Seoul
C0436,F,51,Seoul
C0437,M,21,Seoul
C0438,M,41,Seoul
C0439,F,28,Seoul
C0440,F,53,Seoul
C0441,F,50,Seoul
C0442,F,28,Seoul
C0443,F,27,Seoul
C0444,M,44,Seoul
C0445,F,46,Seoul
C0446,M,52,Seoul
C0447,F,30,Seoul
C0448,F,28,Seoul
C0449,F,68,Seoul
C0450,M,48,Seoul
C0451,F,55,Seoul
C0452,F,48,Seoul
C0453,F,57,Seoul
C0454,F,45,Seoul
C0455,M,34,Seoul
C0456,M,57,Seoul
C0457,M,55,Seoul
C0458,F,40,Seoul
C0459,F,55,Seoul
C0460,M,34,Kyeongki
C0461,F,37,Seoul
C0462,M,37,Seoul
C0463,F,39,Seoul
C0464,F,23,Seoul
C0465,F,24,Seoul
C0466,F,26,Seoul
C0467,F,34,Seoul
C0468,M,51,Seoul
C0469,M,45,Kyeongki
C0470,F,60,Seoul
C0471,M,32,Kyeongki
C0472,F,47,Seoul
C0473,F,46,Seoul
C0474,F,39,Seoul
C0475,M,38,Kyeongki
C0476,M,29,Seoul
C0477,F,23,Seoul
C0478,F,38,Seoul
C0479,F,43,Seoul
C0480,F,45,Seoul
C0481,F,31,Chungbuk
C0482,F,57,Seoul
C0483,F,59,Kyeongki
C0484,F,47,Seoul
C0485,M,41,Seoul
C0486,F,25,Seoul
C0487,F,60,Kyeongki
C0488,F,35,Seoul
C0489,M,36,Seoul
C0490,F,49,Seoul
C0491,F,64,Seoul
C0492,M,41,Seoul
C0493,M,29,Seoul
C0494,M,34,Kyeongki
C0495,F,40,Seoul
C0496,M,61,Kyeongki
C0497,F,50,Seoul
C0498,F,37,Seoul
C0499,F,41,Seoul
C0500,M,43,Seoul
C0501,F,55,Seoul
C0502,F,34,Kyeongki
C0503,F,37,Seoul
C0504,F,72,Seoul
C0505,M,54,Seoul
C0506,F,40,Seoul
C0507,F,67,Seoul
C0508,F,35,Seoul
C0509,F,30,Kyeongki
C0510,F,26,Seoul
C0511,F,69,Seoul
C0512,F,53,Seoul
C0513,F,34,Seoul
C0514,F,56,Kyeongnam
C0515,F,25,Kyeongki
C0516,F,27,Seoul
C0517,F,37,Seoul
C0518,F,48,Seoul
C0519,M,57,Seoul
C0520,F,47,Seoul
C0521,M,50,Seoul
C0522,F,45,Seoul
C0523,F,51,Seoul
C0524,F,44,Seoul
C0525,F,51,Seoul
C0526,F,36,Seoul
C0527,F,33,Seoul
C0528,F,44,Seoul
C0529,F,64,Kyeongki
C0530,F,47,Seoul
C0531,F,35,Seoul
C0532,F,68,Seoul
C0533,F,27,Seoul
C0534,M,44,Kyeongki
C0535,F,35,Seoul
C0536,M,23,Seoul
C0537,M,67,Seoul
C0538,F,42,Seoul
C0539,F,26,Seoul
C0540,M,69,Seoul
C0541,F,57,Seoul
C0542,F,36,Seoul
C0543,F,48,Seoul
C0544,F,67,Seoul
C0545,F,60,Seoul
C0546,F,45,Seoul
C0547,M,34,Seoul
C0548,F,40,Seoul
C0549,F,52,Seoul
C0550,F,49,Kyeongki
C0551,M,36,Inchon
C0552,F,53,Seoul
C0553,F,57,Seoul
C0554,F,53,Seoul
C0555,F,32,Seoul
C0556,F,36,Seoul
C0557,F,49,Seoul
C0558,F,42,Seoul
C0559,M,40,Kyeongki
C0560,F,37,Seoul
C0561,M,44,Seoul
C0562,F,54,Seoul
C0563,M,70,Seoul
C0564,F,41,Seoul
C0565,F,37,Seoul
C0566,F,54,Seoul
C0567,F,34,Daejeon
C0568,F,75,Seoul
C0569,F,47,Seoul
C0570,F,43,Seoul
C0571,M,39,Seoul
C0572,F,41,Seoul
C0573,F,33,Seoul
C0574,F,36,Seoul
C0575,F,43,Seoul
C0576,F,62,Seoul
C0577,F,68,Seoul
C0578,F,57,Seoul
C0579,F,52,Seoul
C0580,F,44,Seoul
C0581,F,47,Seoul
C0582,F,53,Kyeongki
C0583,F,49,Seoul
C0584,F,60,Seoul
C0585,M,63,Seoul
C0586,M,33,Seoul
C0587,F,45,Seoul
C0588,M,38,Seoul
C0589,F,44,Seoul
C0590,F,27,Seoul
C0591,F,55,Seoul
C0592,F,44,Seoul
C0593,F,28,Seoul
C0594,F,74,Seoul
C0595,F,66,Seoul
C0596,F,39,Seoul
C0597,F,52,Seoul
C0598,M,42,Seoul
C0599,F,56,
C0600,M,45,Seoul
C0601,F,30,Seoul
C0602,F,46,Seoul
C0603,F,54,Seoul
C0604,F,49,Seoul
C0605,F,21,Seoul
C0606,F,57,Seoul
C0607,F,20,Kyeongnam
C0608,F,62,Seoul
C0609,M,39,Kyeongki
C0610,F,61,Seoul
C0611,F,41,Seoul
C0612,F,46,Kyeongki
C0613,F,56,Seoul
C0614,F,51,Seoul
C0615,F,49,Seoul
C0616,F,48,Seoul
C0617,F,58,Seoul
C0618,F,32,Seoul
C0619,M,43,Seoul
C0620,F,50,Seoul
C0621,F,48,Seoul
C0622,F,65,Seoul
C0623,F,66,Seoul
C0624,F,42,Seoul
C0625,F,65,Seoul
C0626,F,25,Seoul
C0627,F,60,Seoul
C0628,F,50,Kyeongki
C0629,M,51,Seoul
C0630,F,46,Seoul
C0631,F,31,Seoul
C0632,M,37,Seoul
C0633,M,71,Seoul
C0634,F,49,Pusan
C0635,M,48,Seoul
C0636,F,28,Kyeongki
C0637,M,37,Seoul
C0638,M,53,Seoul
C0639,F,32,Seoul
C0640,F,55,Seoul
C0641,F,59,Seoul
C0642,F,45,Seoul
C0643,F,23,Seoul
C0644,F,39,Kyeongki
C0645,F,48,Seoul
C0646,F,49,Seoul
C0647,F,36,Seoul
C0648,F,46,Seoul
C0649,M,30,Seoul
C0650,M,60,Seoul
C0651,F,44,Seoul
C0652,F,58,Seoul
C0653,F,56,Seoul
C0654,F,50,Seoul
C0655,F,27,Seoul
C0656,F,33,Kyeongki
C0657,M,35,Seoul
C0658,F,57,Seoul
C0659,F,52,Seoul
C0660,F,23,Seoul
C0661,F,51,Seoul
C0662,M,44,Seoul
C0663,F,54,Seoul
C0664,F,45,Seoul
C0665,F,59,Seoul
C0666,F,41,Seoul
C0667,M,34,Kyeongki
C0668,F,51,Kyeongki
C0669,F,42,Gangwon
C0670,M,38,Pusan
C0671,F,37,kyeongbuk
C0672,F,46,Seoul
C0673,F,37,Seoul
C0674,F,42,Seoul
C0675,F,55,Seoul
C0676,F,23,Gangwon
C0677,F,48,Seoul
C0678,M,25,Seoul
C0679,F,53,Seoul
C0680,F,46,Seoul
C0681,F,46,Seoul
C0682,M,42,Seoul
C0683,F,68,Seoul
C0684,F,29,Gwangju
C0685,M,34,Kyeongki
C0686,F,37,Seoul
C0687,F,50,Seoul
C0688,F,50,Seoul
C0689,M,26,Seoul
C0690,F,72,Seoul
C0691,F,31,Seoul
C0692,M,33,Seoul
C0693,M,49,Kyeongki
C0694,F,61,Seoul
C0695,F,41,Seoul
C0696,M,44,Seoul
C0697,F,22,Seoul
C0698,F,32,Seoul
C0699,F,57,Seoul
C0700,F,47,Seoul
C0701,F,47,Seoul
C0702,M,28,kyeongbuk
C0703,F,44,Seoul
C0704,F,47,Seoul
C0705,F,52,Seoul
C0706,F,52,Seoul
C0707,M,37,Seoul
C0708,F,58,Seoul
C0709,M,45,Seoul
C0710,M,59,Seoul
C0711,F,39,Seoul
C0712,F,29,Seoul
C0713,F,41,Seoul
C0714,F,26,Seoul
C0715,F,35,Kyeongki
C0716,F,46,Seoul
C0717,F,53,Seoul
C0718,F,31,
C0719,F,42,Seoul
C0720,F,39,Seoul
C0721,F,48,Kyeongki
C0722,F,42,Seoul
C0723,F,50,Kyeongki
C0724,F,32,Seoul
C0725,F,56,Seoul
C0726,F,67,Seoul
C0727,F,36,Seoul
C0728,F,51,Seoul
C0729,F,41,Seoul
C0730,M,41,Seoul
C0731,F,28,Seoul
C0732,F,49,Seoul
C0733,F,52,Seoul
C0734,F,70,Seoul
C0735,F,46,Kyeongki
C0736,F,42,Seoul
C0737,F,28,Seoul
C0738,M,20,Kyeongki
C0739,M,26,Pusan
C0740,F,26,Seoul
C0741,F,33,Kyeongki
C0742,M,55,Seoul
C0743,F,56,Seoul
C0744,F,37,Seoul
C0745,F,42,Seoul
C0746,F,61,Inchon
C0747,F,52,Seoul
C0748,F,39,Kyeongki
C0749,M,35,Kyeongki
C0750,F,50,Seoul
C0751,F,54,Seoul
C0752,F,41,Seoul
C0753,F,36,Seoul
C0754,M,51,Seoul
C0755,F,53,Kyeongki
C0756,F,33,Seoul
C0757,F,21,Seoul
C0758,F,67,Seoul
C0759,F,58,Seoul
C0760,F,35,Seoul
C0761,M,50,Seoul
C0762,M,49,Seoul
C0763,F,57,Seoul
C0764,M,26,Seoul
C0765,F,56,Seoul
C0766,M,39,Seoul
C0767,F,72,Seoul
C0768,M,61,Seoul
C0769,F,41,Seoul
C0770,F,58,Kyeongki
C0771,F,37,Seoul
C0772,F,35,Kyeongki
C0773,F,33,Seoul
C0774,F,35,Seoul
C0775,F,63,Seoul
C0776,F,52,Seoul
C0777,M,35,Seoul
C0778,M,37,Seoul
C0779,F,48,Seoul
C0780,F,22,Seoul
C0781,F,44,Seoul
C0782,F,38,Seoul
C0783,F,44,Seoul
C0784,F,28,Seoul
C0785,F,31,Seoul
C0786,F,45,Seoul
C0787,F,44,Seoul
C0788,F,76,Seoul
C0789,F,55,Kyeongki
C0790,F,29,Seoul
C0791,F,51,Seoul
C0792,F,43,Seoul
C0793,F,42,Seoul
C0794,F,69,Seoul
C0795,M,36,Seoul
C0796,F,26,Seoul
C0797,M,38,Seoul
C0798,M,40,Seoul
C0799,F,35,Seoul
C0800,F,31,Seoul
C0801,F,27,Seoul
C0802,F,31,Seoul
C0803,F,46,Seoul
C0804,F,46,Seoul
C0805,F,71,Seoul
C0806,M,79,Seoul
C0807,F,67,Seoul
C0808,F,48,Seoul
C0809,F,44,Kyeongki
C0810,M,43,Seoul
C0811,F,53,Seoul
C0812,F,43,Seoul
C0813,F,23,Seoul
C0814,F,45,Seoul
C0815,F,36,Kyeongki
C0816,F,41,Seoul
C0817,F,58,Seoul
C0818,F,24,Seoul
C0819,F,49,Seoul
C0820,F,28,Seoul
C0821,F,50,Seoul
C0822,F,54,Seoul
C0823,M,45,Seoul
C0824,F,43,Kyeongki
C0825,F,44,Kyeongki
C0826,F,33,Seoul
C0827,M,37,Kyeongki
C0828,M,57,Seoul
C0829,F,56,Seoul
C0830,F,21,Seoul
C0831,F,31,Seoul
C0832,M,54,Seoul
C0833,F,44,Seoul
C0834,F,60,Seoul
C0835,F,67,Seoul
C0836,F,26,Cheonbuk
C0837,F,47,Seoul
C0838,F,29,Seoul
C0839,M,40,Kyeongki
C0840,F,29,Seoul
C0841,F,71,Seoul
C0842,F,32,Seoul
C0843,F,25,Seoul
C0844,F,33,Kyeongki
C0845,F,32,Seoul
C0846,F,26,Seoul
C0847,F,35,Seoul
C0848,F,41,Seoul
C0849,F,50,Kyeongki
C0850,F,36,Seoul
C0851,M,32,Seoul
C0852,M,39,Seoul
C0853,F,30,Seoul
C0854,F,28,Seoul
C0855,F,42,Seoul
C0856,F,25,kyeongbuk
C0857,F,24,Seoul
C0858,M,48,Seoul
C0859,F,55,Daejeon
C0860,F,44,Seoul
C0861,F,34,Seoul
C0862,F,77,Seoul
C0863,F,55,Seoul
C0864,F,59,Seoul
C0865,F,65,Seoul
C0866,M,36,Seoul
C0867,M,30,Seoul
C0868,F,30,Kyeongki
C0869,F,42,Seoul
C0870,F,49,Seoul
C0871,F,65,Seoul
C0872,F,26,Seoul
C0873,F,56,Seoul
C0874,F,57,Seoul
C0875,F,32,Pusan
C0876,F,58,Seoul
C0877,M,29,Seoul
C0878,F,28,Seoul
C0879,F,66,Seoul
C0880,M,24,Seoul
C0881,F,45,Seoul
C0882,F,29,Kyeongki
C0883,F,60,Seoul
C0884,F,25,Kyeongki
C0885,F,43,Seoul
C0886,F,38,Seoul
C0887,F,26,Kyeongki
C0888,F,46,Seoul
C0889,F,24,Daejeon
C0890,F,48,Seoul
C0891,M,42,Seoul
C0892,F,42,Seoul
C0893,F,36,Seoul
C0894,F,50,Kyeongki
C0895,M,41,Seoul
C0896,F,57,Seoul
C0897,F,46,Seoul
C0898,F,43,Seoul
C0899,F,32,Seoul
C0900,F,32,Seoul
C0901,F,27,Seoul
C0902,F,56,Seoul
C0903,M,70,Seoul
C0904,F,51,Seoul
C0905,M,57,Seoul
C0906,F,24,Seoul
C0907,F,36,Seoul
C0908,F,23,Gwangju
C0909,F,59,Seoul
C0910,M,55,Seoul
C0911,M,37,Seoul
C0912,F,43,Seoul
C0913,F,54,Seoul
C0914,M,37,Seoul
C0915,F,46,Seoul
C0916,F,33,Seoul
C0917,M,40,Seoul
C0918,F,30,Seoul
C0919,F,40,Seoul
C0920,F,54,Kyeongki
C0921,F,56,Seoul
C0922,F,23,Seoul
C0923,F,64,Kyeongki
C0924,F,24,Seoul
C0925,M,44,Seoul
C0926,F,62,Kyeongki
C0927,M,48,Seoul
C0928,F,43,Seoul
C0929,F,27,Seoul
C0930,F,74,Seoul
C0931,M,53,Seoul
C0932,F,32,Kyeongki
C0933,F,27,Seoul
C0934,F,28,Seoul
C0935,F,66,Seoul
C0936,F,57,Seoul
C0937,M,34,Seoul
C0938,F,42,Seoul
C0939,F,24,Daegu
C0940,M,35,Seoul
C0941,F,28,Seoul
C0942,F,31,Kyeongki
C0943,F,38,Seoul
C0944,F,24,Seoul
C0945,F,58,Seoul
C0946,M,29,Seoul
C0947,M,54,Gangwon
C0948,M,54,Seoul
C0949,F,67,Seoul
C0950,F,28,Seoul
C0951,F,32,Seoul
C0952,M,40,Seoul
C0953,F,62,Seoul
C0954,F,59,Seoul
C0955,M,54,Seoul
C0956,F,52,Kyeongki
C0957,F,39,Seoul
C0958,F,22,Seoul
C0959,F,31,Seoul
C0960,M,67,Seoul
C0961,F,46,Seoul
C0962,F,23,Seoul
C0963,F,37,Seoul
C0964,F,32,Seoul
C0965,F,61,Seoul
C0966,M,36,Seoul
C0967,F,32,Kyeongki
C0968,F,20,Kyeongki
C0969,F,65,Seoul
C0970,F,33,Seoul
C0971,F,24,Gwangju
C0972,F,58,Seoul
C0973,F,41,Seoul
C0974,F,35,Seoul
C0975,F,32,Seoul
C0976,M,48,Pusan
C0977,F,28,Seoul
C0978,F,24,Seoul
C0979,F,39,Seoul
C0980,F,46,Seoul
C0981,M,31,Pusan
C0982,F,47,Seoul
C0983,F,44,Seoul
C0984,F,63,Seoul
C0985,F,53,Seoul
C0986,F,28,Inchon
C0987,F,58,Seoul
C0988,F,67,Seoul
C0989,F,61,Seoul
C0990,F,58,Seoul
C0991,F,60,Seoul
C0992,M,55,Seoul
C0993,F,31,Seoul
C0994,M,62,Seoul
C0995,M,24,Seoul
C0996,F,52,Seoul
C0997,F,50,Kyeongki
C0998,F,60,Seoul
C0999,F,46,Seoul
C1000,F,54,Seoul
C1001,F,24,Seoul
C1002,F,51,Kyeongki
C1003,F,42,Seoul
C1004,F,27,Seoul
C1005,F,48,Seoul
C1006,F,57,Seoul
C1007,F,41,Seoul
C1008,F,53,Kyeongki
C1009,F,24,Seoul
C1010,F,36,Seoul
C1011,F,23,Seoul
C1012,F,27,Seoul
C1013,M,45,Kyeongki
C1014,F,31,Seoul
C1015,F,45,Seoul
C1016,F,47,Seoul
C1017,F,55,Seoul
C1018,F,39,Seoul
C1019,M,36,Seoul
C1020,F,24,Kyeongki
C1021,F,58,Seoul
C1022,M,52,Seoul
C1023,M,48,Seoul
C1024,F,20,Kyeongki
C1025,F,46,Seoul
C1026,F,46,Seoul
C1027,F,59,Kyeongki
C1028,F,41,Seoul
C1029,F,23,Seoul
C1030,F,31,Kyeongki
C1031,F,41,Seoul
C1032,F,34,Seoul
C1033,M,62,Seoul
C1034,F,42,Seoul
C1035,F,26,Seoul
C1036,F,44,Seoul
C1037,F,33,Seoul
C1038,F,54,Kyeongki
C1039,M,42,Seoul
C1040,M,35,Seoul
C1041,M,61,Seoul
C1042,F,32,Daejeon
C1043,M,65,Seoul
C1044,F,50,Seoul
C1045,F,59,Kyeongki
C1046,F,44,Seoul
C1047,M,47,Seoul
C1048,F,22,Seoul
C1049,F,52,Seoul
C1050,F,42,Seoul
C1051,M,40,Cheonbuk
C1052,F,46,Seoul
C1053,F,51,Kyeongki
C1054,F,61,Seoul
C1055,F,71,Seoul
C1056,F,59,Seoul
C1057,M,58,Seoul
C1058,F,22,
C1059,M,41,Kyeongki
C1060,F,46,Gwangju
C1061,F,41,Seoul
C1062,F,49,Daegu
C1063,M,28,Seoul
C1064,F,72,Seoul
C1065,F,40,Seoul
C1066,M,53,Chungnam
C1067,F,52,Seoul
C1068,F,47,Seoul
C1069,F,54,Seoul
C1070,F,46,Seoul
C1071,F,54,Seoul
C1072,F,50,Seoul
C1073,M,45,Seoul
C1074,F,52,Seoul
C1075,F,25,Seoul
C1076,F,43,Kyeongki
C1077,F,52,Kyeongki
C1078,F,34,Seoul
C1079,F,36,Seoul
C1080,F,36,Seoul
C1081,F,50,Seoul
C1082,F,28,Seoul
C1083,F,49,Seoul
C1084,F,26,Seoul
C1085,F,43,Seoul
C1086,F,48,Seoul
C1087,F,34,Seoul
C1088,F,30,Kyeongki
C1089,F,54,Kyeongki
C1090,M,67,Seoul
C1091,F,77,Seoul
C1092,M,39,Seoul
C1093,F,33,Chungnam
C1094,F,29,Gangwon
C1095,F,34,Kyeongki
C1096,F,20,Seoul
C1097,M,47,Seoul
C1098,M,39,Kyeongki
C1099,F,54,Seoul
C1100,F,46,Seoul
C1101,F,32,
C1102,F,46,Seoul
C1103,F,51,Kyeongki
C1104,F,27,Seoul
C1105,F,59,Seoul
C1106,M,48,Seoul
C1107,F,53,Kyeongki
C1108,M,56,Seoul
C1109,M,40,Seoul
C1110,F,28,Daegu
C1111,F,42,Seoul
C1112,F,44,Seoul
C1113,F,46,Pusan
C1114,F,32,Seoul
C1115,F,40,Seoul
C1116,M,39,Seoul
C1117,F,52,Seoul
C1118,F,34,Chungnam
C1119,F,29,Seoul
C1120,F,24,Seoul
C1121,F,29,Seoul
C1122,F,49,Seoul
C1123,F,65,Seoul
C1124,F,64,Seoul
C1125,F,52,Seoul
C1126,M,71,Seoul
C1127,F,58,Seoul
C1128,F,32,Seoul
C1129,M,36,Seoul
C1130,M,29,Seoul
C1131,M,61,Inchon
C1132,F,56,Seoul
C1133,M,56,Kyeongki
C1134,M,51,Seoul
C1135,F,64,Seoul
C1136,F,38,Seoul
C1137,F,53,Seoul
C1138,F,21,Seoul
C1139,M,31,Seoul
C1140,F,54,Daejeon
C1141,F,44,Seoul
C1142,F,48,Seoul
C1143,F,60,Seoul
C1144,F,49,Seoul
C1145,F,21,Kyeongki
C1146,F,53,Seoul
C1147,F,43,Kyeongki
C1148,F,49,Seoul
C1149,M,35,Seoul
C1150,F,41,Seoul
C1151,F,58,Seoul
C1152,F,60,Seoul
C1153,F,61,Seoul
C1154,F,39,Seoul
C1155,F,26,Seoul
C1156,M,40,Seoul
C1157,F,33,Seoul
C1158,F,61,Seoul
C1159,F,55,Seoul
C1160,F,46,Seoul
C1161,F,32,Seoul
C1162,F,38,Seoul
C1163,M,25,Seoul
C1164,F,24,Gangwon
C1165,F,27,Seoul
C1166,F,41,Seoul
C1167,F,47,Kyeongki
C1168,M,38,Seoul
C1169,F,47,Seoul
C1170,F,39,Seoul
C1171,F,71,Seoul
C1172,F,40,Seoul
C1173,F,57,Seoul
C1174,F,36,Seoul
C1175,F,44,Seoul
C1176,F,48,Kyeongki
C1177,M,63,Seoul
C1178,F,38,Seoul
C1179,F,54,Seoul
C1180,M,37,Seoul
C1181,M,51,Seoul
C1182,M,70,Seoul
C1183,F,36,Seoul
C1184,M,38,Seoul
C1185,M,44,Seoul
C1186,F,44,Seoul
C1187,F,57,Seoul
C1188,F,66,Seoul
C1189,F,44,Seoul
C1190,F,35,Seoul
C1191,F,58,Seoul
C1192,F,29,Seoul
C1193,F,24,Seoul
C1194,M,40,Seoul
C1195,F,39,Kyeongki
C1196,F,50,Seoul
C1197,F,62,Seoul
C1198,F,46,Seoul
C1199,F,47,Seoul
C1200,F,76,Seoul
C1201,F,30,Gwangju
C1202,F,29,Seoul
C1203,F,39,Seoul
C1204,F,45,Gwangju
C1205,F,59,Seoul
C1206,M,34,Seoul
C1207,F,49,Seoul
C1208,F,29,Seoul
C1209,F,45,Seoul
C1210,M,62,Kyeongki
C1211,M,41,Seoul
C1212,M,37,Seoul
C1213,F,42,Seoul
C1214,F,32,Seoul
C1215,M,30,Seoul
C1216,F,21,Seoul
C1217,F,55,Seoul
C1218,F,53,Seoul
C1219,F,56,Seoul
C1220,F,47,Seoul
C1221,F,23,Seoul
C1222,F,40,Inchon
C1223,F,54,Seoul
C1224,F,69,Seoul
C1225,M,58,Seoul
C1226,M,50,Seoul
C1227,F,46,Seoul
C1228,F,54,Kyeongki
C1229,F,56,Seoul
C1230,M,30,Kyeongki
C1231,M,33,Seoul
C1232,F,31,Kyeongki
C1233,F,44,Seoul
C1234,F,68,Seoul
C1235,F,54,Seoul
C1236,F,31,Seoul
C1237,F,56,Seoul
C1238,F,51,Kyeongki
C1239,F,48,Seoul
C1240,M,42,Seoul
C1241,F,60,Seoul
C1242,M,24,Seoul
C1243,F,35,Seoul
C1244,F,47,Seoul
C1245,F,47,Seoul
C1246,F,42,Kyeongki
C1247,F,39,Kyeongki
C1248,M,42,Seoul
C1249,M,54,Seoul
C1250,F,70,Seoul
C1251,F,28,Seoul
C1252,F,27,Seoul
C1253,M,53,Seoul
C1254,M,46,Seoul
C1255,F,46,Seoul
C1256,F,65,Seoul
C1257,F,36,Seoul
C1258,F,36,Seoul
C1259,F,41,Seoul
C1260,F,59,Seoul
C1261,F,46,Seoul
C1262,F,30,Kyeongki
C1263,F,24,Seoul
C1264,F,29,Seoul
C1265,M,43,Seoul
C1266,F,50,Seoul
C1267,F,68,Seoul
C1268,F,35,Seoul
C1269,F,31,Seoul
C1270,F,38,Seoul
C1271,F,51,Seoul
C1272,F,26,Seoul
C1273,F,26,Seoul
C1274,M,45,Kyeongki
C1275,F,47,
C1276,M,30,Seoul
C1277,F,55,Seoul
C1278,M,54,Kyeongki
C1279,M,33,Seoul
C1280,M,66,Seoul
C1281,M,63,Seoul
C1282,M,41,Kyeongki
C1283,M,42,Seoul
C1284,F,44,Kyeongki
C1285,F,24,Kyeongki
C1286,M,47,Seoul
C1287,F,40,Seoul
C1288,F,53,Seoul
C1289,F,31,Seoul
C1290,F,52,Seoul
C1291,F,55,Seoul
C1292,M,68,Seoul
C1293,F,28,Seoul
C1294,F,57,Seoul
C1295,F,29,Seoul
C1296,F,30,Seoul
C1297,F,58,Seoul
C1298,F,47,Seoul
C1299,M,45,Seoul
C1300,M,44,Seoul
C1301,F,40,Kyeongki
C1302,F,45,Seoul
C1303,M,32,Kyeongki
C1304,F,42,Seoul
C1305,F,32,Seoul
C1306,M,48,Seoul
C1307,M,30,Seoul
C1308,F,45,Seoul
C1309,F,43,Seoul
C1310,F,35,Seoul
C1311,F,58,Seoul
C1312,F,40,Seoul
C1313,F,51,Seoul
C1314,F,68,Seoul
C1315,M,27,Seoul
C1316,F,72,Seoul
C1317,F,43,Seoul
C1318,M,28,Seoul
C1319,F,54,Seoul
C1320,F,38,Seoul
C1321,F,48,Seoul
C1322,M,57,Seoul
C1323,F,46,Kyeongki
C1324,M,35,Seoul
C1325,F,23,Cheju
C1326,F,49,Seoul
C1327,F,32,Seoul
C1328,F,37,Inchon
C1329,F,45,Seoul
C1330,F,44,Seoul
C1331,F,39,Seoul
C1332,F,52,Seoul
C1333,F,52,Seoul
C1334,M,40,Seoul
C1335,F,33,Seoul
C1336,F,59,Seoul
C1337,M,29,Seoul
C1338,F,44,Seoul
C1339,F,67,Seoul
C1340,F,26,Kyeongki
C1341,F,36,Seoul
C1342,M,72,Seoul
C1343,F,38,Seoul
C1344,F,44,Seoul
C1345,F,31,Seoul
C1346,F,51,Seoul
C1347,F,40,Seoul
C1348,M,57,Kyeongki
C1349,F,49,Seoul
C1350,F,64,Seoul
C1351,F,25,Seoul
C1352,M,34,Seoul
C1353,M,62,Seoul
C1354,F,37,Seoul
C1355,M,42,Seoul
C1356,F,32,Seoul
C1357,F,23,Pusan
C1358,F,52,Seoul
C1359,F,36,Seoul
C1360,F,59,Seoul
C1361,M,28,Seoul
C1362,F,40,Seoul
C1363,M,30,Seoul
C1364,M,35,Daegu
C1365,F,31,Seoul
C1366,F,67,Seoul
C1367,F,48,Seoul
C1368,F,67,Kyeongki
C1369,F,72,Seoul
C1370,F,33,Seoul
C1371,F,59,Seoul
C1372,F,43,Kyeongki
C1373,F,38,Seoul
C1374,M,41,Seoul
C1375,F,36,Seoul
C1376,F,51,Seoul
C1377,F,54,Kyeongki
C1378,M,52,Seoul
C1379,M,40,Pusan
C1380,F,34,Seoul
C1381,F,65,Seoul
C1382,M,50,Seoul
C1383,F,34,Seoul
C1384,M,36,Seoul
C1385,F,41,Seoul
C1386,F,56,Seoul
C1387,F,26,Chungbuk
C1388,F,39,Seoul
C1389,F,27,Kyeongki
C1390,F,42,Seoul
C1391,F,45,Seoul
C1392,F,41,Seoul
C1393,F,26,Seoul
C1394,F,55,Seoul
C1395,F,42,Seoul
C1396,F,32,Kyeongki
C1397,F,63,Seoul
C1398,F,49,Seoul
C1399,F,27,Seoul
C1400,F,55,Seoul
C1401,F,35,Seoul
C1402,M,55,Seoul
C1403,F,66,Seoul
C1404,F,26,Seoul
C1405,F,41,Seoul
C1406,F,54,Seoul
C1407,F,42,Seoul
C1408,F,68,Seoul
C1409,F,53,Seoul
C1410,M,54,Seoul
C1411,F,45,Seoul
C1412,M,35,Seoul
C1413,M,30,Seoul
C1414,M,44,Seoul
C1415,F,28,Seoul
C1416,F,46,Seoul
C1417,F,60,Seoul
C1418,M,74,Seoul
C1419,F,36,Seoul
C1420,F,66,Seoul
C1421,M,61,Seoul
C1422,M,56,Kyeongki
C1423,F,51,Seoul
C1424,F,59,Kyeongnam
C1425,F,67,Seoul
C1426,F,59,Kyeongki
C1427,F,31,Seoul
C1428,F,52,Seoul
C1429,M,76,Seoul
C1430,F,32,Seoul
C1431,F,42,Seoul
C1432,M,50,Seoul
C1433,F,58,Seoul
C1434,F,54,Seoul
C1435,F,30,Kyeongki
C1436,M,44,Seoul
C1437,M,27,Kyeongki
C1438,F,32,Seoul
C1439,M,43,Seoul
C1440,M,70,Seoul
C1441,F,70,Kyeongki
C1442,F,33,Seoul
C1443,F,42,Seoul
C1444,F,54,Seoul
C1445,M,37,Seoul
C1446,M,46,Seoul
C1447,F,62,Chungbuk
C1448,M,44,Seoul
C1449,F,45,Seoul
C1450,F,28,kyeongbuk
C1451,M,55,Seoul
C1452,M,50,Seoul
C1453,F,56,Seoul
C1454,M,37,Seoul
C1455,M,63,Seoul
C1456,F,35,Seoul
C1457,F,41,Seoul
C1458,F,58,Seoul
C1459,F,64,Seoul
C1460,F,28,Seoul
C1461,F,47,Seoul
C1462,F,30,Seoul
C1463,M,70,Seoul
C1464,F,52,Seoul
C1465,F,47,Seoul
C1466,F,39,Seoul
C1467,F,50,Seoul
C1468,M,47,Seoul
C1469,F,23,Seoul
C1470,F,28,Seoul
C1471,F,70,Seoul
C1472,F,33,Seoul
C1473,F,28,Seoul
C1474,F,43,Seoul
C1475,M,41,Seoul
C1476,F,68,Seoul
C1477,M,73,Seoul
C1478,F,29,Seoul
C1479,F,30,Seoul
C1480,F,55,Inchon
C1481,F,49,Seoul
C1482,F,23,Seoul
C1483,F,33,Seoul
C1484,F,66,Kyeongki
C1485,M,45,Seoul
C1486,M,54,Seoul
C1487,F,51,Seoul
C1488,M,78,Seoul
C1489,F,42,Seoul
C1490,F,49,Seoul
C1491,F,44,Seoul
C1492,F,33,Kyeongki
C1493,F,37,Chungnam
C1494,F,49,Seoul
C1495,F,29,Seoul
C1496,F,51,Seoul
C1497,F,40,Seoul
C1498,F,38,Seoul
C1499,F,56,Seoul
C1500,F,47,Seoul
C1501,F,34,Seoul
C1502,F,38,Seoul
C1503,F,43,Seoul
C1504,F,39,Seoul
C1505,M,28,Kyeongki
C1506,F,52,Seoul
C1507,F,72,Seoul
C1508,M,45,Seoul
C1509,F,56,Kyeongki
C1510,F,79,Seoul
C1511,F,53,Seoul
C1512,F,26,Seoul
C1513,F,61,Seoul
C1514,F,31,Seoul
C1515,F,45,Seoul
C1516,F,36,Seoul
C1517,M,38,Seoul
C1518,M,35,Kyeongki
C1519,F,28,Seoul
C1520,F,50,Seoul
C1521,F,62,Seoul
C1522,F,48,Seoul
C1523,M,29,Seoul
C1524,F,28,Seoul
C1525,F,30,Seoul
C1526,F,66,Seoul
C1527,M,77,Seoul
C1528,F,32,Seoul
C1529,F,32,Seoul
C1530,F,44,Seoul
C1531,F,48,Seoul
C1532,F,57,Cheonnam
C1533,M,24,Ulsan
C1534,F,51,Seoul
C1535,M,34,Kyeongki
C1536,M,45,Seoul
C1537,M,39,Kyeongki
C1538,F,27,Seoul
C1539,F,52,Seoul
C1540,F,42,Seoul
C1541,M,45,Seoul
C1542,F,39,Seoul
C1543,F,64,Seoul
C1544,F,53,Seoul
C1545,F,59,Seoul
C1546,M,53,Seoul
C1547,F,49,Seoul
C1548,F,46,Seoul
C1549,F,39,Seoul
C1550,F,41,Seoul
C1551,F,34,Seoul
C1552,M,50,Seoul
C1553,M,41,Seoul
C1554,M,51,Seoul
C1555,F,39,Seoul
C1556,F,49,Seoul
C1557,M,32,Seoul
C1558,F,60,Seoul
C1559,F,25,Seoul
C1560,F,47,Kyeongki
C1561,F,24,Seoul
C1562,F,59,Seoul
C1563,F,37,Seoul
C1564,F,55,Seoul
C1565,F,35,Seoul
C1566,F,41,Seoul
C1567,F,45,Seoul
C1568,F,58,Seoul
C1569,F,64,Seoul
C1570,F,24,Pusan
C1571,F,41,Seoul
C1572,F,46,Seoul
C1573,F,72,Seoul
C1574,F,28,Seoul
C1575,F,44,Kyeongki
C1576,F,38,Seoul
C1577,F,35,Daejeon
C1578,M,42,Inchon
C1579,F,26,Cheju
C1580,F,75,Seoul
C1581,F,46,Seoul
C1582,F,49,Seoul
C1583,F,41,Seoul
C1584,F,49,Seoul
C1585,M,33,Seoul
C1586,F,38,Seoul
C1587,F,52,Seoul
C1588,F,32,Seoul
C1589,F,58,Seoul
C1590,F,35,Seoul
C1591,F,28,Seoul
C1592,F,49,Seoul
C1593,F,31,Seoul
C1594,M,27,Daejeon
C1595,F,40,Seoul
C1596,F,31,Seoul
C1597,M,41,Seoul
C1598,F,46,Seoul
C1599,F,23,Gwangju
C1600,M,31,Seoul
C1601,F,27,Seoul
C1602,F,58,Daegu
C1603,M,51,Seoul
C1604,F,54,Seoul
C1605,M,41,Seoul
C1606,F,61,Seoul
C1607,F,32,Seoul
C1608,F,43,Seoul
C1609,F,52,Seoul
C1610,M,34,Seoul
C1611,F,32,Seoul
C1612,F,44,Seoul
C1613,M,39,Seoul
C1614,F,38,Seoul
C1615,F,59,Seoul
C1616,M,42,Seoul
C1617,M,70,Seoul
C1618,F,59,Seoul
C1619,F,55,Seoul
C1620,F,44,Seoul
C1621,F,47,Seoul
C1622,F,62,Seoul
C1623,M,48,Seoul
C1624,F,31,Seoul
C1625,F,24,Kyeongnam
C1626,F,66,Seoul
C1627,M,59,Seoul
C1628,M,41,Seoul
C1629,F,47,Seoul
C1630,F,44,Seoul
C1631,M,55,Seoul
C1632,M,44,Seoul
C1633,F,39,Seoul
C1634,F,53,Seoul
C1635,M,34,Kyeongki
C1636,F,24,Seoul
C1637,F,38,Seoul
C1638,M,56,Seoul
C1639,F,20,Seoul
C1640,M,70,Seoul
C1641,M,61,Kyeongki
C1642,F,46,Seoul
C1643,F,25,Seoul
C1644,M,75,Seoul
C1645,M,25,Seoul
C1646,F,69,Seoul
C1647,F,66,Seoul
C1648,F,54,Kyeongki
C1649,F,37,Seoul
C1650,F,33,Kyeongki
C1651,M,30,Seoul
C1652,F,56,Seoul
C1653,F,31,Daejeon
C1654,F,64,Seoul
C1655,F,68,Inchon
C1656,F,31,Seoul
C1657,F,55,Seoul
C1658,M,49,Seoul
C1659,F,26,Seoul
C1660,F,58,Kyeongki
C1661,F,45,Seoul
C1662,F,76,Seoul
C1663,F,20,Seoul
C1664,M,29,Seoul
C1665,F,35,Seoul
C1666,F,35,Kyeongki
C1667,F,69,Seoul
C1668,F,48,Seoul
C1669,F,43,Seoul
C1670,F,64,Seoul
C1671,M,51,Seoul
C1672,F,26,Pusan
C1673,F,26,Seoul
C1674,F,35,Kyeongki
C1675,F,43,Seoul
C1676,F,61,Seoul
C1677,F,56,Seoul
C1678,M,65,Seoul
C1679,F,54,Seoul
C1680,F,76,Seoul
C1681,F,38,Seoul
C1682,M,54,Inchon
C1683,F,34,Seoul
C1684,F,40,Seoul
C1685,F,44,Seoul
C1686,F,38,Seoul
C1687,F,46,Seoul
C1688,F,47,Seoul
C1689,M,32,Seoul
C1690,M,43,Seoul
C1691,F,35,Seoul
C1692,F,35,Seoul
C1693,F,26,Seoul
C1694,M,61,Seoul
C1695,F,46,Seoul
C1696,M,34,Seoul
C1697,F,31,Seoul
C1698,F,41,Seoul
C1699,F,28,Pusan
C1700,F,26,Seoul
C1701,F,57,Kyeongki
C1702,F,27,Seoul
C1703,F,63,Seoul
C1704,M,32,Pusan
C1705,F,50,Seoul
C1706,F,39,Seoul
C1707,F,56,Seoul
C1708,F,29,Seoul
C1709,F,48,
C1710,M,32,Seoul
C1711,M,77,Seoul
C1712,F,28,Seoul
C1713,F,54,Seoul
C1714,F,31,Cheonnam
C1715,F,49,Seoul
C1716,M,48,Seoul
C1717,F,42,Seoul
C1718,F,55,Seoul
C1719,M,60,Seoul
C1720,M,66,Cheonbuk
C1721,F,36,Seoul
C1722,F,46,Seoul
C1723,F,38,Seoul
C1724,F,52,Inchon
C1725,F,48,Seoul
C1726,M,22,Seoul
C1727,F,44,Seoul
C1728,F,48,Seoul
C1729,F,52,Seoul
C1730,M,43,Seoul
C1731,F,44,Seoul
C1732,M,42,Seoul
C1733,M,52,Seoul
C1734,F,46,Seoul
C1735,F,67,Seoul
C1736,F,33,Seoul
C1737,F,70,Seoul
C1738,F,41,Seoul
C1739,F,23,kyeongbuk
C1740,F,53,Seoul
C1741,M,36,Seoul
C1742,F,27,Seoul
C1743,F,33,Seoul
C1744,M,47,Seoul
C1745,F,40,Seoul
C1746,F,68,Seoul
C1747,F,36,Seoul
C1748,F,55,Seoul
C1749,F,43,Seoul
C1750,F,37,Seoul
C1751,F,45,Seoul
C1752,F,43,Seoul
C1753,F,43,Seoul
C1754,F,78,Seoul
C1755,F,35,Seoul
C1756,F,57,Seoul
C1757,F,36,Seoul
C1758,M,34,Seoul
C1759,F,21,Seoul
C1760,F,68,Seoul
C1761,F,54,Seoul
C1762,F,31,Inchon
C1763,M,26,Seoul
C1764,F,32,Seoul
C1765,F,49,Inchon
C1766,F,45,Seoul
C1767,F,72,Seoul
C1768,F,38,Seoul
C1769,M,76,Seoul
C1770,F,34,Seoul
C1771,F,42,Seoul
C1772,M,61,Seoul
C1773,F,57,Seoul
C1774,F,33,Seoul
C1775,M,37,Kyeongki
C1776,F,27,Kyeongki
C1777,F,28,Daegu
C1778,F,43,Kyeongki
C1779,F,36,Seoul
C1780,F,55,Kyeongki
C1781,M,35,Seoul
C1782,F,32,Seoul
C1783,F,58,Seoul
C1784,F,55,Seoul
C1785,F,50,Seoul
C1786,M,45,Seoul
C1787,F,46,Kyeongki
C1788,F,44,Seoul
C1789,F,44,Seoul
C1790,F,56,Seoul
C1791,F,49,Seoul
C1792,F,46,Seoul
C1793,F,41,Seoul
C1794,F,35,Seoul
C1795,F,38,Kyeongki
C1796,F,51,Seoul
C1797,F,32,Seoul
C1798,F,30,Seoul
C1799,F,23,Seoul
C1800,F,35,Seoul
C1801,F,63,Seoul
C1802,M,34,Seoul
C1803,F,44,Seoul
C1804,M,54,Seoul
C1805,F,21,Seoul
C1806,F,62,Kyeongki
C1807,F,24,Kyeongki
C1808,F,39,Seoul
C1809,F,52,Seoul
C1810,F,69,Seoul
C1811,F,56,Seoul
C1812,F,56,Seoul
C1813,M,33,Seoul
C1814,F,26,Ulsan
C1815,F,44,Seoul
C1816,F,28,Seoul
C1817,F,54,Seoul
C1818,F,68,Seoul
C1819,F,39,Kyeongki
C1820,F,52,Chungnam
C1821,F,38,Seoul
C1822,F,73,Kyeongki
C1823,F,60,Seoul
C1824,M,26,Seoul
C1825,F,48,Seoul
C1826,F,70,Seoul
C1827,M,30,Seoul
C1828,F,37,Seoul
C1829,F,70,Seoul
C1830,F,36,Seoul
C1831,F,64,Seoul
C1832,F,54,Seoul
C1833,F,68,Kyeongnam
C1834,M,31,Seoul
C1835,F,57,Kyeongki
C1836,M,55,Seoul
C1837,F,46,Kyeongki
C1838,F,41,Seoul
C1839,M,42,Seoul
C1840,F,51,Seoul
C1841,F,43,Seoul
C1842,F,43,Seoul
C1843,F,42,Seoul
C1844,M,37,Seoul
C1845,F,43,Seoul
C1846,F,70,Seoul
C1847,M,66,Seoul
C1848,F,54,Seoul
C1849,M,32,Kyeongki
C1850,F,25,Kyeongki
C1851,F,58,Seoul
C1852,F,53,Seoul
C1853,F,72,Seoul
C1854,F,59,Seoul
C1855,F,34,Gangwon
C1856,F,40,Seoul
C1857,F,52,Seoul
C1858,F,35,Seoul
C1859,F,39,Seoul
C1860,M,54,Seoul
C1861,F,38,Seoul
C1862,M,41,Seoul
C1863,F,60,Seoul
C1864,F,27,Seoul
C1865,F,62,Seoul
C1866,F,32,Seoul
C1867,F,57,Seoul
C1868,F,65,Seoul
C1869,M,42,Seoul
C1870,F,59,Kyeongki
C1871,F,44,Seoul
C1872,F,35,
C1873,F,49,Gwangju
C1874,M,75,Kyeongki
C1875,F,54,Seoul
C1876,F,36,Seoul
C1877,F,50,Seoul
C1878,F,34,Seoul
C1879,F,41,Seoul
C1880,F,25,Seoul
C1881,F,26,Seoul
C1882,F,52,Seoul
C1883,F,59,Seoul
C1884,M,52,Seoul
C1885,M,56,Seoul
C1886,F,56,Seoul
C1887,F,36,Kyeongki
C1888,F,52,Seoul
C1889,F,44,Seoul
C1890,F,48,Seoul
C1891,F,42,Seoul
C1892,F,57,Seoul
C1893,F,67,Seoul
C1894,F,41,Seoul
C1895,F,44,Seoul
C1896,F,31,Seoul
C1897,F,43,Seoul
C1898,F,68,Seoul
C1899,F,29,Seoul
C1900,M,50,Seoul
C1901,F,34,Seoul
C1902,F,30,Kyeongki
C1903,F,57,Seoul
C1904,F,39,Seoul
C1905,F,22,Kyeongki
C1906,F,45,Seoul
C1907,F,71,Seoul
C1908,F,25,Kyeongki
C1909,F,56,Chungnam
C1910,F,25,Kyeongki
C1911,F,45,Seoul
C1912,M,50,Seoul
C1913,M,31,Kyeongki
C1914,F,57,Seoul
C1915,M,23,Seoul
C1916,F,36,Seoul
C1917,F,36,Kyeongki
C1918,F,43,Seoul
C1919,F,28,Seoul
C1920,F,32,Seoul
C1921,F,52,Seoul
C1922,M,71,Seoul
C1923,F,66,Seoul
C1924,F,45,Seoul
C1925,F,49,Kyeongki
C1926,F,56,Seoul
C1927,F,55,Seoul
C1928,F,41,Seoul
C1929,M,22,Seoul
C1930,F,40,Seoul
C1931,F,38,Kyeongki
C1932,F,58,Seoul
C1933,F,49,Kyeongki
C1934,M,45,Cheonnam
C1935,F,25,Seoul
C1936,M,57,Seoul
C1937,F,30,Seoul
C1938,F,76,Seoul
C1939,F,44,Kyeongki
C1940,F,47,Kyeongki
C1941,F,32,Seoul
C1942,F,57,Kyeongki
C1943,F,38,Seoul
C1944,F,37,Seoul
C1945,F,58,Seoul
C1946,F,33,Seoul
C1947,F,41,Seoul
C1948,F,42,Seoul
C1949,M,62,Seoul
C1950,F,22,Seoul
C1951,F,41,Seoul
C1952,F,54,Seoul
C1953,F,35,Kyeongki
C1954,F,48,Kyeongki
C1955,M,58,Seoul
C1956,F,44,Seoul
C1957,F,57,Kyeongki
C1958,F,24,Chungbuk
C1959,F,45,Seoul
C1960,F,46,Seoul
C1961,F,30,Seoul
C1962,M,35,Seoul
C1963,F,55,Seoul
C1964,F,53,Seoul
C1965,F,42,Seoul
C1966,F,32,Seoul
C1967,M,41,Seoul
C1968,F,46,Seoul
C1969,F,40,Seoul
C1970,F,21,Kyeongki
C1971,F,38,Seoul
C1972,F,42,Seoul
C1973,F,25,Seoul
C1974,F,35,Seoul
C1975,F,75,Seoul
C1976,F,44,Seoul
C1977,F,28,Cheonbuk
C1978,F,39,Seoul
C1979,F,73,Seoul
C1980,F,49,Seoul
C1981,M,39,Seoul
C1982,M,31,Seoul
C1983,F,48,Seoul
C1984,F,39,Seoul
C1985,F,47,Seoul
C1986,F,27,Seoul
C1987,F,50,Chungnam
C1988,M,25,Seoul
C1989,F,36,Seoul
C1990,F,55,Seoul
C1991,F,65,Seoul
C1992,F,29,Seoul
C1993,F,20,Seoul
C1994,F,32,Seoul
C1995,M,37,Seoul
C1996,F,41,Seoul
C1997,M,52,Seoul
C1998,F,66,Seoul
C1999,F,42,Seoul
C2000,F,46,Seoul
C2001,F,54,Seoul
C2002,F,47,Seoul
C2003,F,69,Seoul
C2004,M,69,Kyeongki
C2005,F,30,Seoul
C2006,F,33,Kyeongki
C2007,M,79,Seoul
C2008,M,46,Seoul
C2009,F,52,Seoul
C2010,F,45,Seoul
C2011,F,31,Seoul
C2012,F,46,Seoul
C2013,F,75,Kyeongki
C2014,F,52,Seoul
C2015,F,31,Gangwon
C2016,F,31,Seoul
C2017,F,61,Chungbuk
C2018,F,58,Seoul
C2019,F,48,Seoul
C2020,F,70,Seoul
C2021,F,68,Seoul
C2022,F,40,Seoul
C2023,F,51,Seoul
C2024,F,76,Seoul
C2025,M,58,Seoul
C2026,F,32,Kyeongki
C2027,M,26,Seoul
C2028,F,59,Seoul
C2029,F,53,Seoul
C2030,F,35,Kyeongki
C2031,F,35,Kyeongki
C2032,F,59,Seoul
C2033,F,27,Seoul
C2034,M,20,Seoul
C2035,F,24,Cheju
C2036,M,44,Seoul
C2037,F,73,Seoul
C2038,F,33,Seoul
C2039,M,50,Seoul
C2040,F,63,Seoul
C2041,F,36,Kyeongki
C2042,F,33,Seoul
C2043,F,52,Kyeongki
C2044,F,59,Seoul
C2045,M,34,Seoul
C2046,M,57,kyeongbuk
C2047,F,44,Kyeongki
C2048,M,21,Seoul
C2049,F,23,Kyeongki
C2050,M,66,Seoul
C2051,M,59,Seoul
C2052,F,32,Seoul
C2053,F,33,Seoul
C2054,F,51,Seoul
C2055,F,54,Seoul
C2056,F,20,Kyeongki
C2057,M,37,Seoul
C2058,F,68,Seoul
C2059,F,29,Seoul
C2060,M,59,Seoul
C2061,F,45,Seoul
C2062,M,29,Seoul
C2063,M,32,Kyeongki
C2064,F,29,Seoul
C2065,F,71,Seoul
C2066,M,52,Inchon
C2067,M,36,Inchon
C2068,F,35,Seoul
C2069,F,34,Seoul
C2070,F,50,Seoul
C2071,F,63,Seoul
C2072,F,34,Seoul
C2073,M,30,Seoul
C2074,F,60,Seoul
C2075,M,23,Seoul
C2076,M,31,Seoul
C2077,F,23,Seoul
C2078,M,57,Seoul
C2079,F,38,Seoul
C2080,F,24,Kyeongki
C2081,F,50,Seoul
C2082,F,22,Seoul
C2083,F,38,Seoul
C2084,F,49,Seoul
C2085,F,49,Seoul
C2086,M,42,Seoul
C2087,F,34,Seoul
C2088,M,52,Seoul
C2089,F,31,Seoul
C2090,M,27,Seoul
C2091,F,46,Kyeongki
C2092,F,39,Seoul
C2093,F,28,Seoul
C2094,F,43,Seoul
C2095,F,37,Seoul
C2096,F,34,Seoul
C2097,M,59,Seoul
C2098,F,23,Seoul
C2099,F,72,Seoul
C2100,F,43,Seoul
C2101,F,63,Seoul
C2102,F,40,Seoul
C2103,F,32,Seoul
C2104,M,45,Seoul
C2105,M,32,Kyeongki
C2106,F,42,Seoul
C2107,F,28,Seoul
C2108,F,28,Seoul
C2109,F,49,Seoul
C2110,M,52,Seoul
C2111,F,54,Kyeongki
C2112,F,61,Seoul
C2113,F,46,Seoul
C2114,F,41,Seoul
C2115,F,35,Seoul
C2116,F,47,Seoul
C2117,F,22,Seoul
C2118,M,25,Kyeongki
C2119,F,49,Seoul
C2120,F,59,Seoul
C2121,F,42,Seoul
C2122,F,48,Seoul
C2123,F,31,Seoul
C2124,F,56,Seoul
C2125,F,53,Seoul
C2126,F,53,Kyeongki
C2127,F,45,Seoul
C2128,F,31,Seoul
C2129,F,62,Seoul
C2130,F,61,Seoul
C2131,F,47,Seoul
C2132,F,59,Seoul
C2133,F,37,Seoul
C2134,F,62,Seoul
C2135,F,29,Seoul
C2136,F,38,Kyeongki
C2137,F,60,Seoul
C2138,F,58,Pusan
C2139,F,62,Seoul
C2140,M,43,Daejeon
C2141,F,56,Seoul
C2142,M,38,Kyeongki
C2143,F,31,Seoul
C2144,F,30,Seoul
C2145,F,37,Seoul
C2146,F,40,Seoul
C2147,M,48,Seoul
C2148,F,25,Seoul
C2149,F,21,Seoul
C2150,F,55,Seoul
C2151,F,45,Seoul
C2152,F,63,Seoul
C2153,F,22,Pusan
C2154,F,50,Seoul
C2155,M,29,Seoul
C2156,F,51,Seoul
C2157,F,45,Seoul
C2158,F,60,Kyeongki
C2159,F,29,Seoul
C2160,M,41,Cheonbuk
C2161,F,50,Seoul
C2162,M,66,Seoul
C2163,F,23,Gwangju
C2164,F,27,Daejeon
C2165,F,48,Seoul
C2166,M,24,Seoul
C2167,F,21,Chungnam
C2168,F,54,Seoul
C2169,M,39,Seoul
C2170,F,44,Seoul
C2171,M,37,Kyeongki
C2172,M,36,Seoul
C2173,F,54,Seoul
C2174,M,31,Seoul
C2175,F,43,Seoul
C2176,F,41,Seoul
C2177,F,25,Seoul
C2178,F,46,Seoul
C2179,F,28,Daejeon
C2180,F,39,Seoul
C2181,M,34,Seoul
C2182,M,39,Seoul
C2183,F,48,Seoul
C2184,F,33,Seoul
C2185,F,57,Seoul
C2186,F,42,Seoul
C2187,F,38,Seoul
C2188,M,50,Seoul
C2189,F,53,Seoul
C2190,F,33,Seoul
C2191,F,44,Seoul
C2192,F,44,Cheonnam
C2193,M,33,Seoul
C2194,F,23,Pusan
C2195,F,43,Seoul
C2196,F,49,Seoul
C2197,F,24,Seoul
C2198,F,21,Seoul
C2199,M,32,Seoul
C2200,F,39,Kyeongki
C2201,F,49,Seoul
C2202,F,42,Seoul
C2203,M,27,Seoul
C2204,F,29,Seoul
C2205,F,56,Seoul
C2206,F,35,Seoul
C2207,F,55,Seoul
C2208,F,34,Seoul
C2209,F,44,Seoul
C2210,F,42,Seoul
C2211,F,36,Seoul
C2212,F,56,Seoul
C2213,F,25,Seoul
C2214,F,39,Seoul
C2215,F,32,Seoul
C2216,F,38,Seoul
C2217,F,40,Seoul
C2218,F,46,Seoul
C2219,F,48,Seoul
C2220,F,31,Seoul
C2221,F,47,Seoul
C2222,F,35,Seoul
C2223,F,60,Seoul
C2224,M,57,Seoul
C2225,F,29,Seoul
C2226,F,40,Seoul
C2227,F,32,Seoul
C2228,F,34,Seoul
C2229,F,50,Seoul
C2230,M,34,Seoul
C2231,M,26,Seoul
C2232,M,48,Seoul
C2233,F,22,Seoul
C2234,M,40,Seoul
C2235,M,57,Seoul
C2236,F,48,Seoul
C2237,F,40,Kyeongki
C2238,F,51,Seoul
C2239,M,61,Seoul
C2240,F,39,Seoul
C2241,F,45,Seoul
C2242,F,41,Seoul
C2243,F,52,Seoul
C2244,F,49,Seoul
C2245,F,62,Seoul
C2246,F,33,Seoul
C2247,F,45,Seoul
C2248,F,58,Seoul
C2249,F,28,Kyeongki
C2250,M,58,Seoul
C2251,F,34,Seoul
C2252,F,54,Seoul
C2253,F,42,Seoul
C2254,F,60,Cheonbuk
C2255,F,44,Seoul
C2256,F,44,Seoul
C2257,F,53,Seoul
C2258,F,53,Seoul
C2259,F,49,Seoul
C2260,M,20,Seoul
C2261,M,47,Daejeon
C2262,M,39,Kyeongki
C2263,F,65,Seoul
C2264,M,38,Seoul
C2265,F,51,Seoul
C2266,F,38,Seoul
C2267,M,58,Seoul
C2268,M,33,Seoul
C2269,M,63,Seoul
C2270,F,25,Seoul
C2271,F,37,Seoul
C2272,F,43,Seoul
C2273,M,34,Kyeongki
C2274,M,61,Seoul
C2275,F,21,Seoul
C2276,M,46,Seoul
C2277,F,44,Seoul
C2278,F,51,Seoul
C2279,F,48,Seoul
C2280,F,32,Seoul
C2281,M,35,Seoul
C2282,F,45,Seoul
C2283,M,56,Seoul
C2284,F,57,Seoul
C2285,F,35,Seoul
C2286,F,33,Seoul
C2287,F,36,Seoul
C2288,F,53,Seoul
C2289,F,62,Seoul
C2290,F,51,Seoul
C2291,F,62,Seoul
C2292,M,46,Seoul
C2293,F,43,Seoul
C2294,F,46,Seoul
C2295,F,42,Kyeongki
C2296,F,27,Seoul
C2297,F,48,Seoul
C2298,M,34,Seoul
C2299,M,62,Seoul
C2300,M,45,Seoul
C2301,F,44,Seoul
C2302,F,39,Seoul
C2303,F,41,Seoul
C2304,F,56,Seoul
C2305,F,57,Seoul
C2306,F,27,Seoul
C2307,F,52,Seoul
C2308,F,47,Seoul
C2309,F,38,Seoul
C2310,F,63,Seoul
C2311,F,30,Seoul
C2312,M,33,Seoul
C2313,M,32,Seoul
C2314,F,54,Seoul
C2315,F,38,Kyeongki
C2316,F,51,Seoul
C2317,F,33,Seoul
C2318,M,45,Seoul
C2319,M,49,Seoul
C2320,F,52,Seoul
C2321,F,26,Seoul
C2322,F,32,Seoul
C2323,F,41,Seoul
C2324,F,22,Seoul
C2325,F,31,Seoul
C2326,F,29,Kyeongki
C2327,F,36,Seoul
C2328,F,32,Seoul
C2329,F,34,Seoul
C2330,F,36,Seoul
C2331,F,47,Seoul
C2332,F,41,Seoul
C2333,M,44,Seoul
C2334,F,39,Seoul
C2335,F,32,Seoul
C2336,F,35,Seoul
C2337,F,70,Seoul
C2338,F,38,Seoul
C2339,F,40,Seoul
C2340,F,65,Seoul
C2341,F,52,Seoul
C2342,F,59,Seoul
C2343,F,33,Seoul
C2344,F,55,Seoul
C2345,M,36,Kyeongki
C2346,F,24,Seoul
C2347,M,37,Seoul
C2348,F,51,Seoul
C2349,F,39,Seoul
C2350,F,62,Seoul
C2351,M,49,Seoul
C2352,F,54,Kyeongki
C2353,F,41,Seoul
C2354,F,40,Seoul
C2355,F,39,Seoul
C2356,F,43,Seoul
C2357,F,48,Kyeongki
C2358,F,34,Seoul
C2359,F,57,Seoul
C2360,F,28,Kyeongki
C2361,F,33,Seoul
C2362,F,34,Seoul
C2363,F,60,Seoul
C2364,F,43,Seoul
C2365,F,67,Seoul
C2366,F,34,Kyeongki
C2367,F,56,Seoul
C2368,F,59,Seoul
C2369,F,38,Seoul
C2370,M,29,Seoul
C2371,F,49,Seoul
C2372,F,30,Seoul
C2373,F,41,Seoul
C2374,F,28,Seoul
C2375,M,56,Seoul
C2376,F,40,Seoul
C2377,F,41,Seoul
C2378,F,41,Seoul
C2379,F,79,Kyeongki
C2380,F,49,Seoul
C2381,M,58,Seoul
C2382,M,41,Gangwon
C2383,F,39,Seoul
C2384,F,33,Seoul
C2385,F,53,Gwangju
C2386,F,63,Seoul
C2387,F,38,Seoul
C2388,F,63,Seoul
C2389,F,49,Seoul
C2390,F,28,Kyeongki
C2391,F,50,Seoul
C2392,F,46,Seoul
C2393,F,46,Seoul
C2394,M,45,Seoul
C2395,F,54,Seoul
C2396,F,51,Seoul
C2397,F,46,Seoul
C2398,M,69,Seoul
C2399,F,32,Seoul
C2400,F,25,Cheonbuk
C2401,F,61,Kyeongki
C2402,F,22,Kyeongki
C2403,F,65,Seoul
C2404,F,23,Seoul
C2405,M,41,Seoul
C2406,F,36,Seoul
C2407,F,42,Seoul
C2408,F,54,Seoul
C2409,F,35,Seoul
C2410,F,40,Seoul
C2411,M,54,Seoul
C2412,F,42,Seoul
C2413,M,25,Seoul
C2414,F,39,Kyeongki
C2415,F,20,Seoul
C2416,F,48,Seoul
C2417,F,30,Seoul
C2418,F,60,Seoul
C2419,F,53,Seoul
C2420,F,51,Seoul
C2421,M,72,Seoul
C2422,F,45,Seoul
C2423,F,60,Kyeongki
C2424,F,43,Kyeongki
C2425,M,35,Seoul
C2426,F,36,Seoul
C2427,F,59,Seoul
C2428,F,27,Seoul
C2429,F,35,Seoul
C2430,F,47,Seoul
C2431,F,41,Kyeongki
C2432,F,39,Seoul
C2433,F,50,Seoul
C2434,F,31,Seoul
C2435,F,38,Seoul
C2436,F,46,Seoul
C2437,M,59,Seoul
C2438,F,40,Seoul
C2439,F,57,Seoul
C2440,F,61,Seoul
C2441,F,37,Seoul
C2442,F,44,Seoul
C2443,F,35,Seoul
C2444,F,74,Seoul
C2445,F,51,Seoul
C2446,M,20,Seoul
C2447,F,38,Seoul
C2448,F,50,Seoul
C2449,F,46,Seoul
C2450,M,29,Seoul
C2451,M,41,Seoul
C2452,F,43,Seoul
C2453,F,53,Seoul
C2454,F,40,Seoul
C2455,F,28,Kyeongki
C2456,M,43,Seoul
C2457,F,46,Seoul
C2458,F,24,Seoul
C2459,F,29,Seoul
C2460,F,23,Seoul
C2461,F,56,Kyeongki
C2462,F,43,Seoul
C2463,F,36,Seoul
C2464,F,23,Seoul
C2465,M,75,Seoul
C2466,F,38,Seoul
C2467,F,45,Seoul
C2468,F,52,Seoul
C2469,F,55,Seoul
C2470,F,63,Seoul
C2471,F,44,Seoul
C2472,F,66,Seoul
C2473,F,42,Kyeongki
C2474,F,34,Seoul
C2475,M,49,Seoul
C2476,F,37,Seoul
C2477,F,57,Seoul
C2478,F,54,Seoul
C2479,F,43,Seoul
C2480,F,26,Seoul
C2481,F,47,Seoul
C2482,F,42,Seoul
C2483,F,34,Seoul
C2484,F,50,Seoul
C2485,F,57,Seoul
C2486,F,51,Seoul
C2487,F,28,Seoul
C2488,F,53,Seoul
C2489,M,36,Seoul
C2490,F,59,Seoul
C2491,M,25,Kyeongki
C2492,F,53,Seoul
C2493,F,47,Seoul
C2494,M,29,Seoul
C2495,F,31,Daejeon
C2496,M,35,Seoul
C2497,M,46,Inchon
C2498,F,40,Seoul
C2499,F,34,Seoul
C2500,F,47,Seoul
